ulurp,sample,regex_hit,hand_label,note
030149ZMR,all_regex_hits,TRUE,requested,proposed by a civic association
030403ZMQ,all_regex_hits,TRUE,requested,
040344ZMQ,all_regex_hits,TRUE,requested,
040446ZMQ,all_regex_hits,TRUE,requested,
050134AZMK,all_regex_hits,TRUE,requested,
050194ZMQ,all_regex_hits,TRUE,requested,
050195ZMQ,all_regex_hits,TRUE,requested,
050203ZMK,all_regex_hits,TRUE,not_requested,"Community Board asks DCP to study the surrounding area, not this private rezoning"
050277ZMQ,all_regex_hits,TRUE,requested,
050296ZMK,all_regex_hits,TRUE,requested,
050400ZMQ,all_regex_hits,TRUE,requested,
050482ZMQ,all_regex_hits,TRUE,requested,
050511ZMQ,all_regex_hits,TRUE,requested,
060006ZMM,all_regex_hits,TRUE,requested,
060054ZMK,all_regex_hits,TRUE,requested,
060055ZMQ,all_regex_hits,TRUE,requested,
060084ZMX,all_regex_hits,TRUE,requested,
060108ZMX,all_regex_hits,TRUE,requested,
060109ZMX,all_regex_hits,TRUE,requested,
060110ZMX,all_regex_hits,TRUE,requested,
060129ZMK,all_regex_hits,TRUE,requested,
060130ZMK,all_regex_hits,TRUE,requested,
060235ZMQ,all_regex_hits,TRUE,requested,
060335ZMX,all_regex_hits,TRUE,requested,
060536ZMR,all_regex_hits,TRUE,requested,proposed by a homeowners association and the Council Member
070264ZMX,all_regex_hits,TRUE,requested,
070265ZMX,all_regex_hits,TRUE,requested,
070387ZMK,all_regex_hits,TRUE,requested,
070409ZMX,all_regex_hits,TRUE,requested,
070427ZMM,all_regex_hits,TRUE,requested,
070430ZMK,all_regex_hits,TRUE,requested,
070447ZMK,all_regex_hits,TRUE,requested,
070472ZMQ,all_regex_hits,TRUE,requested,
070521ZMQ,all_regex_hits,TRUE,requested,
080202ZMR,all_regex_hits,TRUE,requested,
080213ZMK,all_regex_hits,TRUE,requested,
080397AZMM,all_regex_hits,TRUE,requested,
090042ZMR,all_regex_hits,TRUE,requested,
090197ZMK,all_regex_hits,TRUE,requested,
090281ZMQ,all_regex_hits,TRUE,requested,
090283ZMQ,all_regex_hits,TRUE,requested,
090334ZMK,all_regex_hits,TRUE,requested,
090336ZMK,all_regex_hits,TRUE,requested,
090382ZMQ,all_regex_hits,TRUE,requested,
090387ZMK,all_regex_hits,TRUE,requested,
090462ZMK,all_regex_hits,TRUE,requested,
100199ZMQ,all_regex_hits,TRUE,requested,
100345ZMK,all_regex_hits,TRUE,requested,
100409ZMQ,all_regex_hits,TRUE,requested,
100420ZMM,all_regex_hits,TRUE,requested,
100437ZMM,all_regex_hits,TRUE,requested,community board resolution: rezoning as requested by CB2
110145ZMQ,all_regex_hits,TRUE,requested,
110207ZMQ,all_regex_hits,TRUE,requested,
110252ZMK,all_regex_hits,TRUE,requested,
110386ZMK,all_regex_hits,TRUE,not_requested,Borough President suggests future consultation; not the origin of this rezoning
120145ZMM,all_regex_hits,TRUE,requested,
120195ZMQ,all_regex_hits,TRUE,requested,
120294ZMK,all_regex_hits,TRUE,requested,
120309ZMM,all_regex_hits,TRUE,requested,
130188ZMQ,all_regex_hits,TRUE,requested,
130213ZMK,all_regex_hits,TRUE,requested,
130273ZMX,all_regex_hits,TRUE,requested,
130344ZMQ,all_regex_hits,TRUE,requested,
140079ZMQ,all_regex_hits,TRUE,requested,
180051AZMX,all_regex_hits,TRUE,requested,
190299ZMQ,all_regex_hits,TRUE,requested,
210177ZMK,all_regex_hits,TRUE,requested,area selected based on community requests
250014ZMK,all_regex_hits,TRUE,requested,elected officials and community boards requested a City plan
250176ZMQ,all_regex_hits,TRUE,requested,elected officials and community boards requested a City plan
070314AZMQ,random_dcp_nonhits_seed23,FALSE,not_requested,
110118ZMK,random_dcp_nonhits_seed23,FALSE,not_requested,
090303ZMX,random_dcp_nonhits_seed23,FALSE,not_requested,
080248ZMX,random_dcp_nonhits_seed23,FALSE,not_requested,
080426ZMR,random_dcp_nonhits_seed23,FALSE,not_requested,
170187ZMM,random_dcp_nonhits_seed23,FALSE,not_requested,Mayor asked the Borough President and Council Member to chair a planning committee
100407ZMX,random_dcp_nonhits_seed23,FALSE,not_requested,
050153ZMQ,random_dcp_nonhits_seed23,FALSE,not_requested,
090112ZMQ,random_dcp_nonhits_seed23,FALSE,requested,DCP began examining the area after requests from local elected officials and community groups
030436ZMM,random_dcp_nonhits_seed23,FALSE,not_requested,
040515ZMX,random_dcp_nonhits_seed23,FALSE,not_requested,
030194AZMK,random_dcp_nonhits_seed23,FALSE,requested,weak: protections long advocated by the Park Slope Civic Council
030333ZMX,random_dcp_nonhits_seed23,FALSE,not_requested,residents advocated residential use; no statement that the rezoning answered a request
210422ZMM,random_dcp_nonhits_seed23,FALSE,not_requested,DCP and elected officials jointly ran an engagement process
060132ZMK,random_dcp_nonhits_seed23,FALSE,not_requested,
050149ZMQ,random_dcp_nonhits_seed23,FALSE,not_requested,
060171ZMK,random_dcp_nonhits_seed23,FALSE,not_requested,
240015ZMX,random_dcp_nonhits_seed23,FALSE,not_requested,
060179ZMX,random_dcp_nonhits_seed23,FALSE,requested,civic groups and Community Board 10 approached DCP; sentence cites another ULURP number and is excluded
170373ZMR,random_dcp_nonhits_seed23,FALSE,not_requested,
020629ZMQ,random_dcp_nonhits_seed23,FALSE,requested,weak: speakers reiterated the community board request; residents concerned
030467ZMX,random_dcp_nonhits_seed23,FALSE,not_requested,
080457ZMQ,random_dcp_nonhits_seed23,FALSE,not_requested,
050289ZMX,random_dcp_nonhits_seed23,FALSE,not_requested,
030237ZMM,random_dcp_nonhits_seed23,FALSE,not_requested,
060259ZMQ,random_dcp_nonhits_seed23,FALSE,requested,study initiated in response to civic association concerns; a page header splits the phrase
190113ZMR,random_dcp_nonhits_seed23,FALSE,not_requested,
050480ZMX,random_dcp_nonhits_seed23,FALSE,not_requested,
170413ZMX,random_dcp_nonhits_seed23,FALSE,not_requested,
040273ZMQ,random_dcp_nonhits_seed23,FALSE,not_requested,
