project_id,review_source_status,review_source_rezoning_direction,review_source_rezoning_class,review_source_housing_intent,review_source_scope_type,review_source_scope_blocks,review_source_scope_acres,review_source_scope_lots,review_source_scope_description,review_source_contextual_restriction_flag,review_source_form_restriction_flag,review_source_numeric_far_direction,review_source_confidence,review_source_url,review_source_title,review_source_note
P2005K0198,official_source_verified,downzoning,contextual_residential_downzoning,residential_capacity_restriction,area_wide,249,,,"249-block Special Bay Ridge District neighborhood rezoning",TRUE,TRUE,downzoning,high,https://www.nyc.gov/assets/planning/download/pdf/about/cpc/050134a.pdf,CPC Report - Bay Ridge Rezoning,"Official CPC report says the application covered 249 blocks in the Special Bay Ridge District and was filed to address inappropriate development. Treat as source-verified neighborhood-scale contextual downzoning; parcel-level FAR-acres remain unavailable without source geography."
P2006K0115,official_source_verified,downzoning,contextual_residential_downzoning,residential_capacity_restriction,area_wide,8,,,"portions of eight blocks in Sheepshead Bay/Plumb Beach",TRUE,TRUE,downzoning,high,https://www.nyc.gov/assets/planning/download/pdf/plans/sheepshead-bay/sheepshead_bay.pdf,DCP Sheepshead Bay Rezoning,"DCP describes R5 zoning permitting multifamily structures that could substantially change character; rezoning moved portions of the area to R4-1 and R4B/contextual controls. Treat as source-verified downzoning/form restriction."
P2009K0210,official_source_verified,mixed,restrictive_contextual_mixed_rezoning,residential_capacity_restriction,area_wide,250,,,"approximately 250-block Canarsie rezoning area",TRUE,TRUE,mixed,high,https://www.nyc.gov/assets/planning/download/pdf/plans/canarsie/canarsie.pdf,DCP Canarsie Rezoning,"DCP describes lower-density and contextual map changes for approximately 250 blocks; existing R4/R5 allowed all housing types, while the proposal preserved low-rise blocks and directed moderate density to corridors. Treat as source-verified restrictive mixed neighborhood rezoning."
P2005Q0113,official_source_verified,downzoning,contextual_residential_downzoning,residential_capacity_restriction,area_wide,350,,,"approximately 350-block Bayside rezoning area",TRUE,TRUE,downzoning,high,https://www.nyc.gov/assets/planning/download/pdf/plans/bayside/bayside.pdf,DCP Bayside Rezoning,"DCP describes an approximately 350-block lower-density/contextual rezoning, replacing broad R3-2 capacity for all housing types with districts that preserve one- and two-family neighborhood character. Treat as source-verified neighborhood downzoning/form restriction."
P2012Q0513,official_source_verified,downzoning,contextual_residential_downzoning,residential_capacity_restriction,area_wide,411,,,"all or portions of 411 blocks in Bellerose, Floral Park, and Glen Oaks",TRUE,TRUE,downzoning,high,https://www.nyc.gov/assets/planning/downloads/pdf/our-work/plans/queens/archive/bellerose-floral-park-glen-oaks-rezoning.pdf,DCP Bellerose-Floral Park-Glen Oaks Rezoning,"DCP describes zoning map changes on all or portions of 411 blocks, undertaken after concerns that existing zoning was producing denser development inconsistent with low-density suburban character. Treat as source-verified neighborhood downzoning/form restriction."
P2004X0376,official_source_verified,downzoning,contextual_residential_downzoning,residential_capacity_restriction,area_wide,,,,,TRUE,TRUE,downzoning,medium,https://a860-gpp.nyc.gov/concern/nyc_government_publications/g158bj32g?locale=en,CPC Report - Throgs Neck Rezoning,"Government Publications Portal summary says DCP proposed zoning text changes to address overdevelopment, parking, and inappropriate development in lower-density residential districts in Throgs Neck. Treat as source-verified restrictive action, but scope size still needs official geometry or block count."
P2005R0009,secondary_source_seed,downzoning,contextual_residential_downzoning,residential_capacity_restriction,area_wide,,,,,TRUE,TRUE,downzoning,medium,https://www.citylandnyc.org/council-down-zones-over-strong-opposition/,CityLand - Council down-zones over strong opposition,"Secondary legal-news seed identifies Tottenville as one of the 2005 Staten Island downzoning plans. Needs official CPC/Council report details before use in primary source-verified outputs."
P2005R0010,secondary_source_seed,downzoning,contextual_residential_downzoning,residential_capacity_restriction,area_wide,,,,,TRUE,TRUE,downzoning,medium,https://www.citylandnyc.org/council-down-zones-over-strong-opposition/,CityLand - Council down-zones over strong opposition,"Secondary legal-news seed identifies Eltingville as one of the 2005 Staten Island downzoning plans. Needs official CPC/Council report details before use in primary source-verified outputs."
P2005R0107,secondary_source_seed,downzoning,contextual_residential_downzoning,residential_capacity_restriction,area_wide,,,,,TRUE,TRUE,downzoning,medium,https://www.citylandnyc.org/council-down-zones-over-strong-opposition/,CityLand - Council down-zones over strong opposition,"Secondary legal-news seed identifies Great Kills/Tottenville as one of the 2005 Staten Island downzoning plans. Needs official CPC/Council report details before use in primary source-verified outputs."
