review_id,raw_application_number,official_application_number,source_text_sha256,narrative_sha256,official_cpc_report_inclusion,local_opposition_present,local_request_or_condition_present,precertification_local_initiation_or_change,development_application_changed,commitment_or_mitigation_present,process_or_study_response_present,explicit_local_causal_response,cpc_approved_with_unresolved_local_objection,local_actor_codes,issue_codes,coding_confidence,evidence_summary,coder,coding_date
RC01,C800459ZMM,C800459ZMM,d4be8da1d596a2efff20fb956d36184666a4e310d595acd6bfc5fb0444cc5c3f,de3df2e64096bb0906c3b25fafa582a3b48989c7973cbecb37042b88f2f40960,included,unclear,1,0,1,0,0,1,0,community_board;civic_or_other_organization,zoning_boundaries;project_scope,medium,"After the public hearing, CPC says that consideration of Community Board and organization recommendations led it to shrink four portions of the proposed rezoning; the related report contains the underlying positions.",codex_gpt5_full_report_review,2026-07-11
RC02,I800151EEUQ,,,,excluded_non_official_c_report,not_applicable,not_applicable,not_applicable,not_applicable,not_applicable,not_applicable,not_applicable,not_applicable,,,high,The sampled item is map/date revision material and is not a distinct certified CPC report in the official C-report universe.,codex_gpt5_full_report_review,2026-07-11
RC03,C820031MMQ,C820031MMQ,34569c62bf9052075136507c69c5b21bda1a5da1eb367dc2e479d6bce3082fc1,38839ee924d67ccf5061c05fd80c2628b911955c27c0a3b799e37482af95cc45,included,0,0,0,1,1,0,0,0,,environmental_mitigation,high,The applicant accepted CEQR conditions and project modifications under a conditional negative declaration; the report does not attribute them to local political opposition or demands.,codex_gpt5_full_report_review,2026-07-11
RC04,C840441HDK,C840441HDK,985658456de8693af84035b64c420ef05b311b7c9307df8dfdb05ec862c65096,65d2f6e755efc7670e8e041a9216d9c400fe5e25f71d338c3faa0f2a5973474b,included,0,1,0,1,1,0,unclear,0,community_board,park_open_space,medium,"CB16 unanimously approved with park-replacement stipulations, and CPC records matching HPD commitments. The report does not establish whether the commitments were created by the CB request or predated it as CEQR modifications.",codex_gpt5_full_report_review,2026-07-11
RC05,C840171ZSM,C840171ZSM,a0a5d798609ae8843250765da1aee2a5ccafb9d91052b65edbc5275603614924,d29e7d0af7ec71e70e0d630045013457f26d5c385becc8aa560086c60c4a686c,included,1,0,0,1,1,0,0,0,other_private_actor,building_height;environmental_mitigation,high,"The proposal fell from 44 to 39 stories before certification and to 37 stories after the CPC hearing; the only stated opponent was Con Edison, and the report does not attribute either reduction to a local community actor.",codex_gpt5_full_report_review,2026-07-11
RC06,C860689ZSK,C860689ZSK,e32f8fabf3c7a8671a095d67b4ba42bf3cd3cd6cce1048206b1edb2df3f2e9d2,91400a4391c9d4138d30609350294e6b1803890e4f9d5717bb2d601a5c8b87a3,included,1,1,0,1,1,1,1,0,community_board;civic_or_other_organization;resident_or_tenant,relocation;displacement;building_design;traffic,high,"The grouped Metrotech report records 14 opponents, detailed CB2 relocation demands, expansion of the CB task force, benefits beyond legal minima, and applicant design commitments. Requested zoning modifications themselves remain non-events.",codex_gpt5_full_report_review,2026-07-11
RC07,C860691ZSK,C860691ZSK,e32f8fabf3c7a8671a095d67b4ba42bf3cd3cd6cce1048206b1edb2df3f2e9d2,91400a4391c9d4138d30609350294e6b1803890e4f9d5717bb2d601a5c8b87a3,included,1,1,0,1,1,1,1,0,community_board;civic_or_other_organization;resident_or_tenant,relocation;displacement;building_design;traffic,high,"This action shares the same grouped Metrotech report as RC06. It contains the same opposition, CB task-force response, relocation commitments, and design changes and must not be counted as an independent narrative.",codex_gpt5_full_report_review,2026-07-11
RC08,C880460PSM,C880460PSM,4c0364ac3be5c25f7ccd21e0fbc40ca2499ca21167f11e2251e96982b98c129e,96b897270f64482570e20ed12c570ee38da1c46b9599bb2bec07fdb8f52a5ced,included,1,1,0,0,0,1,unclear,1,community_board;resident_or_tenant,affordable_housing;school_siting;transit,medium,"CB12 disapproved and proposed alternatives. The FEIS changed in response to an unidentified hearing comment, so the report does not establish that a local actor caused that response.",codex_gpt5_full_report_review,2026-07-11
RC09,C900916PQK,C900916PQK,bf2f3156cd6774c446030a4d3569e2d61c9dddf94b53319f9de6966c21190409,340ec1cd43f7dcf45c19a6c6bdb5d778ae9ad7f778f03f894023e3a16d9a6d79,included,0,1,0,0,1,0,unclear,0,community_board;borough_president,building_repairs;lease_terms,medium,"CB8 and the BP approved with roof-repair and lease conditions. CPC shared their concerns, and HRA assured repairs and submitted a scope report in response to CPC; the local-to-response causal chain is plausible but not stated directly.",codex_gpt5_full_report_review,2026-07-11
RC10,C920019PSM,C920019PSM,2cba7df01fed94e8a8fc542e7be6214e0d261a08918becdb6841af96abc86145,31a87856e8c8a8db9e546d49871e0ceb3dca386e9a9fd72f18cec210608b1771,included,1,1,0,1,1,0,1,0,community_board;borough_president;council_member;civic_or_other_organization;resident_or_tenant,waterfront_open_space;fueling;traffic;environment,high,"CB3, the BP, Council members, residents, and businesses opposed the facility. After the hearings DGS eliminated multi-agency fueling, reduced agency uses and fuel capacity, added an esplanade and open space, and limited new uses to seven years in response to review concerns.",codex_gpt5_full_report_review,2026-07-11
RC11,C920539PPK,C920539PPK,0ae24d3216d3ad6016cc9e2d26a60502863fd20ea5f0691f653fe863c609b458,0ad20f8e91a6031000b159da7ef5272f36266a04b816552e683bfd09b6edd5a4,included,0,1,0,0,0,1,0,1,community_board;borough_president;resident_or_tenant,tenant_retention;lease_terms,high,The CB and BP approved with protections for existing tenants. DGS rejected sole-source disposition and a right of first refusal under Charter rules; CPC approved while merely requesting further efforts for tenants.,codex_gpt5_full_report_review,2026-07-11
RC12,C950110ZSQ,C950110ZSQ,3351cb228834262f2141aad21dde703c8843b7e7598368c009819618dc8a1ec4,2c4ceb603cc272beb242be34473c94d738ecbe2584a37cf77e277f9692349e35,included,0,1,0,0,1,1,1,0,community_board;resident_or_tenant,fencing;community_space;traffic;litter;historic_facade,high,"CB2 approved with four conditions. CPC reports a church commitment to fencing and an applicant meeting with Landmarks staff, while rejecting or only urging the community-room, traffic, and litter requests.",codex_gpt5_full_report_review,2026-07-11
RC13,C900438MMM,C900438MMM,d1b5f7a2dbe8b9f00855d8c5c755aa3a907f9b9e01aa769b1f91a4e50db4c0b2,f126ec6c8f9b0ee8db9363a33dbfa0fa105080fbb9500142c974f51e0048cf6b,included,1,1,0,0,0,1,unclear,1,community_board;borough_president;civic_or_other_organization;resident_or_tenant;council_member,traffic;bus_routes;park_design,medium,Local actors raised traffic and bus-routing objections and DOT continued studies and consultation. The report does not explicitly state that those procedural steps were caused by a specific local request.,codex_gpt5_full_report_review,2026-07-11
RC14,C970182ZSQ,C970182ZSQ,8326f55cdc0abe88631c3ed3813a1bf8b35c1bb1e56fdc14fbef93283933d6ca,739aa6f372c6f0e963eb6fe84069938a60c2f37fd3a983d7fc9b4e7fa239f761,included,1,1,0,0,1,1,1,0,community_board;borough_president;civic_or_other_organization,traffic;parking;trees;environmental_mitigation,medium,"The CB vote included seven no votes and the BP approved with conditions. Additional traffic analyses were undertaken at the community and BP's request, and CPC imposed tree replacement and mitigation conditions; the related lead report contains fuller testimony.",codex_gpt5_full_report_review,2026-07-11
RC15,C960657PQM,C960657PQM,daea47f130f1669ecf73af55d36888f98ee8edeb12c500ed58b87f6fb8dc0816,479a3872f7bd2ba09459f36136c0c5de9b32592127c4d7541d8ef368d3ab27f3,included,1,1,0,1,0,0,1,0,community_board;borough_president,united_nations_retention;property_disposition,high,"CB6 and the BP disapproved. The report states that, in response to these concerns, the applicants revised the applications to remove UN-occupied office space from the proposed disposition.",codex_gpt5_full_report_review,2026-07-11
U01,C960471ZMQ,C960471ZMQ,717bc0aebea21533bbdb5d0c8acb0ad61ba18858bf518c35caef5e96f35e74aa,b4277f15999f5bd47c430135c46a2d2ccaaaa1727c30a92a1c63356c8e018685,included,0,1,0,0,1,0,1,0,community_board;resident_or_tenant,parking;landscaping;screening,high,"CB13 approved 31-0 after work with the church and neighbors. In response to parking and landscaping comments, the applicant documented leased parking and promised fences and bushes.",codex_gpt5_full_report_review,2026-07-11
U02,C160037HUK,C160035ZMK,20114b73df101a0972cda635b52f92bf59879970083d2d35e05cbad9d9afe868,5aaf50f35e678a8600981d3a158814547cdd77919af8072fc1a18625e9689e12,included_related_action_mapped_to_lead,1,1,1,0,1,0,1,1,community_board;borough_president;civic_or_other_organization;resident_or_tenant;local_elected_official,affordability;displacement;tenant_protection,high,"The East New York lead report records extensive opposition and affordability demands. CPC says these concerns led to the neighborhood plan and anti-displacement resources, but it rejected a requested anti-harassment district and approved the rezoning.",codex_gpt5_full_report_review,2026-07-11
U03,C160035ZMK,C160035ZMK,20114b73df101a0972cda635b52f92bf59879970083d2d35e05cbad9d9afe868,5aaf50f35e678a8600981d3a158814547cdd77919af8072fc1a18625e9689e12,included_lead_report,1,1,1,0,1,0,1,1,community_board;borough_president;civic_or_other_organization;resident_or_tenant;local_elected_official,affordability;displacement;tenant_protection,high,"The lead East New York report documents displacement concerns, permanent-affordability demands, and anti-displacement programs explicitly framed as responses, while rejecting some central community demands and approving the plan.",codex_gpt5_full_report_review,2026-07-11
U04,C810543AZSM,C810543ZSM,9b9944be548c8429c115ea53f6318b071e5f9f96df1e912bb4cea48df67a20dc,2a939a4d4f945f5fd042a7dd87c3f97838c6568c2617e9e7d40cf38a612375d9,included_alias_to_official_base_report,1,1,0,1,0,0,1,0,community_board,building_design;rear_yard,high,"After CB5 objections, and at CPC's request, the applicant amended the design to provide a 30-foot residential rear yard; CB5 then held a second hearing and approved the modified application.",codex_gpt5_full_report_review,2026-07-11
U05,C910480ZSK,C910480ZSK,0779712f9655bfeb1f9db5b882e7d59c9b7bb6a0d3f938a70f10de5feec0d50e,74e3ae00dad0907ef41412ac93ccdec880f5042ae561bec0adceff02cc174211,included,1,1,0,1,1,0,unclear,1,community_board;civic_or_other_organization;resident_or_tenant,building_height;neighborhood_character;sewer_water;open_space;affordable_housing,medium,"The report records 129 opponents and organized objections. After the CPC hearing the applicant removed the tallest tower, reduced height and units, expanded open space, and added lower-income units, but the report does not explicitly attribute those changes to a particular local actor.",codex_gpt5_full_report_review,2026-07-11
U07,C210438AZSM,C210438AZSM,f7a849eefd0ddc7d911012c91e45ba555f9732b7d9aaf1c1e4fdb4eafa60efe3,7ecd54b0a1255b0c0a758e22d0f504cb87ee51685dc11e91a776db7d44d049af,included_lead_report,1,1,0,1,1,0,0,1,community_board;borough_president;civic_or_other_organization;resident_or_tenant;local_elected_official,building_height;historic_character;museum_funding;environment;affordable_housing,high,"CB1 disapproved and the BP imposed detailed conditions. The report attributes the building reduction to Landmarks Commission review, not those local demands; CPC treated museum commitments as outside land-use scope and approved with other affordability and environmental conditions.",codex_gpt5_full_report_review,2026-07-11
