application_number,selection_reason
C 010472 ZSX,revision disagreement and prior missing evidence page
C 010691 ZSM,revision disagreement involving routine permit conditions
C 860553 ZMM,disagreement with potentially omitted human evidence
C 060272 ZMK,disagreement with potentially omitted human evidence
C 210192 ZMQ,character negative disagreed with positive human code
C 850302 HDX,character negative disagreed with positive human code
C 140409 ZSM,previously matched positive control
C 230091 ZMQ,previously matched positive control
C 110166 ZMQ,previously matched positive control
C 790809 PPX,previously matched negative control
C 790338 PLQ,previously matched negative control
C 190453 HAK,previously matched negative control
