document_id,reason
180f2f3d15c99c5ab311,previous_sol_api_pilot_v2
8b44bfdc45778e862a30,previous_sol_api_pilot_v2
321c95915545310cb27e,previous_sol_api_pilot_v2
545e04374f576ab3b6f7,previous_sol_api_pilot_v2
ca24fa7e0e8dbf45ff15,previous_sol_api_pilot_v2
14b9cd8794a38162c522,previous_sol_api_pilot_v2
e17b6b9fdbe399ea9cd6,previous_sol_api_pilot_v2
3f77e3a6e48692ba093d,previous_sol_api_pilot_v2
e8f89d299c1979ae51de,previous_sol_api_pilot_v2
e3f9843e30f2292d64ff,previous_sol_api_pilot_v2
dace33a029d3d075c6e9,previous_sol_api_pilot_v2
ee80bf42eec77dd63260,previous_sol_api_pilot_v2
4a9734d61ca1757cf071,previous_sol_api_pilot_v2
03d4e72e38600d67ce09,previous_sol_api_pilot_v2
7ace2affb56882967b6d,previous_sol_api_pilot_v2
34b180bafccb7e1cf942,previous_sol_api_pilot_v2
4379aa364f90a2d6f13a,previous_sol_api_pilot_v2
3e5dd93d5c67b4a2bd7e,previous_sol_api_pilot_v2
95c938320c2796c6c288,previous_sol_api_pilot_v2
854b29b09c07b7cf6a06,previous_sol_api_pilot_v2
