document_id,application_number,test_group,field,value,reason,evidence_json,reviewer
28cc037f9056f9cd9141,C 230091 ZMQ,known_error,civic__support,1,Jev misses an explicitly named independent organization supporting the proposal.,"[{""source_document_id"": ""28cc037f9056f9cd9141"", ""pdf_page"": 8, ""quote"": ""The president of the Linden Towers Co-Op Homeowners Association spoke in favor of the application and stressed the traffic challenges within the project area.""}]","Codex primary agent; source review, not human adjudication"
a7b89b5b22c825f035e7,C 180346 PSX,known_error,civic__opposition,0,"The recorded opponents are residents, while ASPCA representatives express support. Jev assigns the residents' opposition to a civic organization; its separate support flag is correct.","[{""source_document_id"": ""a7b89b5b22c825f035e7"", ""pdf_page"": 5, ""quote"": ""Some Co-op City residents spoke in opposition to the application""}]","Codex primary agent; source review, not human adjudication"
55f58faac321062fc6ac,C 010691 ZSM,known_error,scale_density_design__adopted,0,"After reading the complete eight-page report, the selected provision is standard compliance with submitted plans, without a specified substantive change or commitment on scale/design. It is not evidence of a revision. The report's preservation maintenance references are also explicitly excluded by the frozen adoption question.","[{""source_document_id"": ""55f58faac321062fc6ac"", ""pdf_page"": 6, ""quote"": ""The property that is the subject of this application (C 010691 ZSM) shall be developed in size and arrangement substantially in accordance with the dimensions, specifications and zoning computations indicated on the following plan""}]","Codex primary agent; source review, not human adjudication"
5234f33b1a4d555ea125,C 920197 PPQ,known_error,civic__opposition,0,"Jev selects Brooklyn application C 920410 PPK, page 18, as evidence of civic opposition for the focal Queens application C 920197 PPQ. These are different parcels, boroughs and recorded ZAP projects, joined under the generic C-O-P title and vote date. This is a real passage assigned to the wrong application, not invented text.","[{""source_document_id"": ""447560b6e6dafab8a177"", ""pdf_page"": 18, ""quote"": ""At the board's public hearing, the Executive Director of St. Nicholas Housing inc., a local development agency, opposed the unrestricted sale of this property.""}, {""source_document_id"": ""5234f33b1a4d555ea125"", ""pdf_page"": 1, ""quote"": ""for the disposition of two (2) city- owned properties pursuant to zoning, Borough of Queens, Community District 3.""}]","Codex primary agent; source review, not human adjudication"
28cc037f9056f9cd9141,C 230091 ZMQ,known_error,council__review_concern,1,The report explicitly attributes a review-stage concern about recreational use to the council member.,"[{""source_document_id"": ""28cc037f9056f9cd9141"", ""pdf_page"": 8, ""quote"": ""identifying concerns raised by the Board and the council member regarding recreational use within the PAA.""}]",Codex source review with Sol-medium reader; not human adjudication
28cc037f9056f9cd9141,C 230091 ZMQ,known_error,council__motivating_concern,0,The passage does not say the concern prompted the proposal.,"[{""source_document_id"": ""28cc037f9056f9cd9141"", ""pdf_page"": 8, ""quote"": ""identifying concerns raised by the Board and the council member regarding recreational use within the PAA.""}]",Codex source review with Sol-medium reader; not human adjudication
28cc037f9056f9cd9141,C 230091 ZMQ,known_error,council__requested_provision,0,The attributed concern does not identify a particular provision requested by the member.,"[{""source_document_id"": ""28cc037f9056f9cd9141"", ""pdf_page"": 8, ""quote"": ""identifying concerns raised by the Board and the council member regarding recreational use within the PAA.""}]",Codex source review with Sol-medium reader; not human adjudication
28cc037f9056f9cd9141,C 230091 ZMQ,known_error,council__support,0,Concern during review is not an endorsement; no member endorsement is established.,"[{""source_document_id"": ""28cc037f9056f9cd9141"", ""pdf_page"": 8, ""quote"": ""identifying concerns raised by the Board and the council member regarding recreational use within the PAA.""}]",Codex source review with Sol-medium reader; not human adjudication
98201e64b0247197290c,C 900038 PLQ,known_error,neighborhood_character__concern_request,0,"No person, board, agency, or organization raises a concern, question, objection, or request on this topic for the focal project.",[],Previously blinded Sol-medium reader d; not human adjudication
98201e64b0247197290c,C 900038 PLQ,known_error,neighborhood_character__adopted,0,No explicit accepted commitment or binding substantive condition on this topic is established for the focal project.,[],Previously blinded Sol-medium reader d; not human adjudication
432d15e476c6bd58a1b0,C 820666 HDK,positive_control,affordability__discussed,1,The report describes Section 8 rent subsidies for every apartment.,"[{""source_document_id"": ""432d15e476c6bd58a1b0"", ""pdf_page"": ""1"", ""quote"": ""med pursuant to Article V of the Private Housing Finance Law. The partnership will rehabilitate 20 dwelling units of family housing. These rental units will be financed by a mortgage to be insured under HUD's 221-d-4 Program, and all apartments will participate in the Section 8 rent subsidy program. This substantial rehabilitation housing proposal has an estimated project replacement cost of $1,112,453. The resulting average per unit cost is $55,622.65. The proposed apartment distribution is: 13-1 Bedrooms and' 7-2 Bedrooms""}]",Previously blinded Sol-medium reader e; not human adjudication
432d15e476c6bd58a1b0,C 820666 HDK,positive_control,affordability__adopted,1,The partnership undertook Section 8 participation for all apartments in the approved disposition.,"[{""source_document_id"": ""432d15e476c6bd58a1b0"", ""pdf_page"": ""1"", ""quote"": ""med pursuant to Article V of the Private Housing Finance Law. The partnership will rehabilitate 20 dwelling units of family housing. These rental units will be financed by a mortgage to be insured under HUD's 221-d-4 Program, and all apartments will participate in the Section 8 rent subsidy program. This substantial rehabilitation housing proposal has an estimated project replacement cost of $1,112,453. The resulting average per unit cost is $55,622.65. The proposed apartment distribution is: 13-1 Bedrooms and' 7-2 Bedrooms""}]",Previously blinded Sol-medium reader e; not human adjudication
26f03d0909c6323e9605,C 990218 ZSK,positive_control,affordability__concern_request,1,Opponents questioned whether the project would be affordable.,"[{""source_document_id"": ""26f03d0909c6323e9605"", ""pdf_page"": ""10"", ""quote"": ""position to the development's height, and streetwall length. They objected to such quality of life issues as the building's excessive interior corridor lengths and the distances to and lack of sufficient elevators. There was also testimony questioning how affordable the project would be to the area's elderly population. The Brooklyn Borough President's representative stated that an assisted living facility was an appropriate land use but that the excessive bulk would impact on light and air to nearby properties""}]",Previously blinded Sol-medium reader e; not human adjudication
26f03d0909c6323e9605,C 990218 ZSK,positive_control,neighborhood_character__adopted,1,The applicant redesigned the building in response to concerns.,"[{""source_document_id"": ""26f03d0909c6323e9605"", ""pdf_page"": ""12"", ""quote"": ""uildings developed throughout comparable neighborhoods in the City, and urged the applicant to consider a streetwall with recesses and courts to create building sections that would break the monotony of the continuous streetwall. The applicant has responded to these concerns by redesigning the building and creating deeper recesses and an outer court along Bay Ridge Avenue. The redesigned Bay Ridge Avenue facade is defined by recesses of various depths, the inclusion of an outer court, 26.8 feet wide by 19.10 feet deep, above th""}]",Previously blinded Sol-medium reader e; not human adjudication
26f03d0909c6323e9605,C 990218 ZSK,positive_control,scale_density_design__adopted,1,The applicant made concrete design revisions in response.,"[{""source_document_id"": ""26f03d0909c6323e9605"", ""pdf_page"": ""12"", ""quote"": ""uildings developed throughout comparable neighborhoods in the City, and urged the applicant to consider a streetwall with recesses and courts to create building sections that would break the monotony of the continuous streetwall. The applicant has responded to these concerns by redesigning the building and creating deeper recesses and an outer court along Bay Ridge Avenue. The redesigned Bay Ridge Avenue facade is defined by recesses of various depths, the inclusion of an outer court, 26.8 feet wide by 19.10 feet deep, above th""}]",Previously blinded Sol-medium reader e; not human adjudication
26f03d0909c6323e9605,C 990218 ZSK,positive_control,traffic_parking__adopted,1,The permit required MTA approval and relocation of the bus stop.,"[{""source_document_id"": ""26f03d0909c6323e9605"", ""pdf_page"": ""18"", ""quote"": ""d 29), in the Midblock Preservation Area (Area A) within the Special Bay Ridge District, in a C2-3 District mapped within an R6.District, Borough of Brooklyn, Community District 10 is approved subject to the following conditions: This permit is conditioned upon the applicant obtaining approval from the MTA to have the bus stop relocated an appropriate distance from the curb cut. The applicant shall provide the Commission with documentation by the MTA of such relocation prior to applying to the Department of Buildings for a building""}]",Previously blinded Sol-medium reader e; not human adjudication
26f03d0909c6323e9605,C 990218 ZSK,positive_control,environment_open_space__adopted,1,The applicant revised the front-yard landscape with seating.,"[{""source_document_id"": ""26f03d0909c6323e9605"", ""pdf_page"": ""12"", ""quote"": ""de of the building is further articulated through variations in materials used for the building's base and cornices, and the distinct bay window treatment with arched cornices at various sections of the Bay Ridge Avenue frontage. The front yard landscape design has been enhanced with seating which provides for more interaction with the street life and the surrounding area. The proposed redesigned building is similar in height to the apartment buildings in the area including the one directly across Narrows Avenue. Whi""}]",Previously blinded Sol-medium reader e; not human adjudication
26f03d0909c6323e9605,C 990218 ZSK,positive_control,council__requested_provision,0,"The source reports Council support and endorsement, but no Councilmember request for a specific provision of the current proposal.","[{""source_document_id"": ""26f03d0909c6323e9605"", ""pdf_page"": ""74"", ""quote"": ""Task Force agreement was signed in 1996. A theater would again become an option as would all other uses listed on page 8. D. Community Integrity Issue 1. The Issue The Task Force entered into the agreement by a vote of 15-6. The agreement had the written endorsement of Councilman Albanese, Senator DiCarlo and Assemblywoman Eileen Dugan. In February, 1997 the developers presented a plan to the community that contained all the pa'rameters of the new project. However, the proposed building was 180,000 square feet and""}]",Previously blinded Sol-medium reader e; not human adjudication
26f03d0909c6323e9605,C 990218 ZSK,positive_control,civic__support,1,The community Task Force supported the zoning change in exchange for foregoing the theater.,"[{""source_document_id"": ""26f03d0909c6323e9605"", ""pdf_page"": ""33"", ""quote"": ""onstruction of an as-of-right multiplex theater on the site in April, 1996. At that time the developers negotiated a mutual accommodation with a community Task Force, appointed by then Council member Sal Albanese. In essence, the developers agreed to forego the theater in exchange for Task Force support for a zoning change necessary to erect what they believed to be a larger but more suitable, building.. This application, (11C990218ZSK, Exhibit 1) is for that zoning change. This matter is a Universal Land Use Review Procedure (ULURP) application se""}]",Previously blinded Sol-medium reader e; not human adjudication
26f03d0909c6323e9605,C 990218 ZSK,positive_control,civic__opposition,1,Named independent civic groups opposed the project.,"[{""source_document_id"": ""26f03d0909c6323e9605"", ""pdf_page"": ""10"", ""quote"": ""ty Board 10 and a member of Community Board 10. They stated that under the current zoning, the site could permit a movie theater and that this project represented a better use than a multiplex theater or any other commercial use. Speaking in opposition were representatives from the 70th Street Block Association, the Alliance for Block Association (in Bay Ridge), the Concerned Citizens of Bay Ridge, a gerontologist, an attorney who specializes in issues pertaining to the elderly, a church parish official, and other community residents. T""}]",Previously blinded Sol-medium reader e; not human adjudication
a7b89b5b22c825f035e7,C 180346 PSX,known_error,civic__support,1,The report attributes supportive testimony to the ASPCA representatives; OCR spells the organization ASCPA in this sentence.,"[{""source_document_id"": ""a7b89b5b22c825f035e7"", ""pdf_page"": 5, ""quote"": ""Two ASCPA representatives spoke in support""}]",Codex source review; not human adjudication
