source_id,source_role,source_label,seed_id,matter_id,matter_guid,matter_file,project_name,lu_numbers,resolution_numbers,ulurp_numbers,vote_date,council_disposition,vote_margin,url,expected_filename,required_flag,notes
nyc_charter_land_use_history_2025,report,2025 Charter land-use history report,,,,,,,,,,,,"https://www.nyc.gov/assets/charter/downloads/pdf/2025/A-History-of-Land-Use-and-the-NYC-Charter.pdf",charter_land_use_history_2025.pdf,TRUE,"Seed validation table for post-2000 examples of member deference being overruled."
nyc_council_legistar_land_use,matter_page,Dock Street legislation detail,dock_street_2009,449594,DB0F9A58-35C1-424F-97E3-44B99AD28041,Res 2020-2009,Dock Street DUMBO,"1073; 1074; 1075",2020,"C090181ZSK; C090183ZSK; C090184ZSK",2009-06-10,approved,39-9-0,"https://legistar.council.nyc.gov/LegislationDetail.aspx?GUID=DB0F9A58-35C1-424F-97E3-44B99AD28041&ID=449594&Options=&Search=",dock_street_legistar_detail.html,FALSE,"Official matter page for one Dock Street resolution; bundle metadata records related LU actions."
nyc_council_legistar_land_use,transcript,Dock Street stated meeting transcript,dock_street_2009,449594,DB0F9A58-35C1-424F-97E3-44B99AD28041,Res 2020-2009,Dock Street DUMBO,"1073; 1074; 1075",2020,"C090181ZSK; C090183ZSK; C090184ZSK",2009-06-10,approved,39-9-0,"https://legistar.council.nyc.gov/View.ashx?GUID=19A028CF-B9A2-4CCC-9B63-47AAF2597D21&ID=683557&M=F",dock_street_stated_meeting_transcript.pdf,TRUE,"Transcript identifies Council Member Yassky opposition and no votes on LU 1073-1075."
nyc_council_legistar_land_use,minutes,Dock Street stated meeting minutes,dock_street_2009,449594,DB0F9A58-35C1-424F-97E3-44B99AD28041,Res 2020-2009,Dock Street DUMBO,"1073; 1074; 1075",2020,"C090181ZSK; C090183ZSK; C090184ZSK",2009-06-10,approved,39-9-0,"https://legistar.council.nyc.gov/View.ashx?GUID=77315E0C-25FA-4C83-A4BA-05AD3A8A6E4C&ID=76720&M=M",dock_street_stated_meeting_minutes.pdf,TRUE,"Official minutes support final Council action."
nyc_council_legistar_land_use,committee_report,Dock Street Land Use Committee report,dock_street_2009,449594,DB0F9A58-35C1-424F-97E3-44B99AD28041,Res 2020-2009,Dock Street DUMBO,"1073; 1074; 1075",2020,"C090181ZSK; C090183ZSK; C090184ZSK",2009-06-10,approved,39-9-0,"https://legistar.council.nyc.gov/View.ashx?GUID=984AC974-2005-4041-8B28-C25692B01A01&ID=679609&M=F",dock_street_land_use_committee_report.pdf,TRUE,"Committee report identifies related actions and project text."
nyc_council_legistar_land_use,matter_page,Broadway Triangle legislation detail,broadway_triangle_2009,558534,2E866EC2-DD19-4DA6-86C6-F7D4582C5A75,Res 2321-2009,Broadway Triangle Rezoning,"1227; 1228; 1229; 1230","2319; 2320; 2321; 2322","C090413ZMK; N090414ZRK; C090415HUK; C090416HAK",2009-12-21,approved,36-10-4,"https://legistar.council.nyc.gov/LegislationDetail.aspx?GUID=2E866EC2-DD19-4DA6-86C6-F7D4582C5A75&ID=558534&Options=&Search=",broadway_triangle_legistar_detail.html,FALSE,"Official matter page for one Broadway Triangle resolution; bundle metadata records all related LU actions."
nyc_council_legistar_land_use,minutes,Broadway Triangle stated meeting minutes,broadway_triangle_2009,558534,2E866EC2-DD19-4DA6-86C6-F7D4582C5A75,Res 2321-2009,Broadway Triangle Rezoning,"1227; 1228; 1229; 1230","2319; 2320; 2321; 2322","C090413ZMK; N090414ZRK; C090415HUK; C090416HAK",2009-12-21,approved,36-10-4,"https://legistar.council.nyc.gov/View.ashx?GUID=1C0E3032-F3EE-416E-831C-685F2FC9FF3B&ID=91969&M=M",broadway_triangle_stated_meeting_minutes.pdf,TRUE,"Official minutes record the 36-10-4 vote for LU 1227-1230 and Res 2319-2322."
nyc_council_legistar_land_use,committee_report,Broadway Triangle Land Use Committee report,broadway_triangle_2009,558534,2E866EC2-DD19-4DA6-86C6-F7D4582C5A75,Res 2321-2009,Broadway Triangle Rezoning,"1227; 1228; 1229; 1230","2319; 2320; 2321; 2322","C090413ZMK; N090414ZRK; C090415HUK; C090416HAK",2009-12-21,approved,36-10-4,"https://legistar.council.nyc.gov/View.ashx?GUID=2D2A1594-8208-4AF3-AB39-9C026666766B&ID=767644&M=F",broadway_triangle_land_use_committee_report.pdf,TRUE,"Committee report records the mixed-use housing content and related applications."
nyc_council_legistar_land_use,report_with_text,Broadway Triangle legislation details with text,broadway_triangle_2009,558534,2E866EC2-DD19-4DA6-86C6-F7D4582C5A75,Res 2321-2009,Broadway Triangle Rezoning,"1227; 1228; 1229; 1230","2319; 2320; 2321; 2322","C090413ZMK; N090414ZRK; C090415HUK; C090416HAK",2009-12-21,approved,36-10-4,"https://legistar.council.nyc.gov/ViewReport.ashx?Extra=WithText&GID=61&GUID=2E866EC2-DD19-4DA6-86C6-F7D4582C5A75&ID=558534&M=R&N=Master&Title=Legislation+Details+%28With+Text%29",broadway_triangle_legislation_details_with_text.html,TRUE,"Official detail report gives matter text for one resolution in the project bundle."
