document_id,application_number,year,project_name,pages,sample_cell,status_snapshot_sha256
a0497471d59a70aaad60,C 090197 ZMK,2009,East Windsor Terrace Rezoning,10,council_derived,eea7779e98e25646a39cf970cac833951429d995ba5b5cdc5caa345f95f699f7
b0fab8ab4e66bb1a8258,C 070265 ZMX,2007,Clason Point/Harding Park Rezoning,10,council_derived,eea7779e98e25646a39cf970cac833951429d995ba5b5cdc5caa345f95f699f7
3a2361ba02feb156d070,C 160133 PQK,2016,Nuestros Ninos Child Care Center,20,council_derived,eea7779e98e25646a39cf970cac833951429d995ba5b5cdc5caa345f95f699f7
6d2364e4b225fe00c2c0,C 060477 ZMK,2007,45 Summit Street,8,council_derived,eea7779e98e25646a39cf970cac833951429d995ba5b5cdc5caa345f95f699f7
f4bd0cd7b615710ce024,C 790076 MLQ,1979,,18,council_derived,eea7779e98e25646a39cf970cac833951429d995ba5b5cdc5caa345f95f699f7
357f3a3018d97a5ac811,C 160065 ZMX,2016,Woodlawn Rezoning,17,council_derived,eea7779e98e25646a39cf970cac833951429d995ba5b5cdc5caa345f95f699f7
3a8924606fed01e7f1f6,C 020539 ZSM,2002,The Bond St Hotel,17,council_derived,eea7779e98e25646a39cf970cac833951429d995ba5b5cdc5caa345f95f699f7
e011fad731f745a55801,C 870534 PSM,1987,W52Nd St Family Residence Center,21,council_derived,eea7779e98e25646a39cf970cac833951429d995ba5b5cdc5caa345f95f699f7
c58dd7c041e8042a64aa,C 831081 ZMX,1984,Cambridge-Oxford Aves,5,council_derived,eea7779e98e25646a39cf970cac833951429d995ba5b5cdc5caa345f95f699f7
c2c8380c69a5097a1d28,C 070132 PPM,2007,"269 Henry Street, Former Firehouse",7,council_derived,eea7779e98e25646a39cf970cac833951429d995ba5b5cdc5caa345f95f699f7
7d61cc6286a9490bbc6e,C 890982 PLQ,1989,Hra Boarding Home,6,council_derived,eea7779e98e25646a39cf970cac833951429d995ba5b5cdc5caa345f95f699f7
62bf96800f142633a09a,C 210293 PSX,2022,EMS Station 17 New Facility,22,council_derived,eea7779e98e25646a39cf970cac833951429d995ba5b5cdc5caa345f95f699f7
abf49905f43fb9b31977,C 070430 ZMK,2007,Fort Greene/Clinton Hill Rezoning,34,council_derived,eea7779e98e25646a39cf970cac833951429d995ba5b5cdc5caa345f95f699f7
b6cc3e64d81c19448b42,C 150076 ZMK,2015,Hamilton's Patio,13,council_derived,eea7779e98e25646a39cf970cac833951429d995ba5b5cdc5caa345f95f699f7
8d4867976202439b050b,C 880875 HAK,1988,Saratoga/Riverdale Transitional Hsg,5,council_derived,eea7779e98e25646a39cf970cac833951429d995ba5b5cdc5caa345f95f699f7
a7d0c2b50bbd2f11cdac,C 980250 HAM,1998,Ny Library & Columbia Univ Hall,26,civic_derived,eea7779e98e25646a39cf970cac833951429d995ba5b5cdc5caa345f95f699f7
5ccd0074693eefe3c7ba,C 891029 PSX,1989,U Thant Addition To Seton Park,6,civic_derived,eea7779e98e25646a39cf970cac833951429d995ba5b5cdc5caa345f95f699f7
7f4a70790d56975f836d,C 820185 ZSM,1982,College Of Insurance,9,civic_derived,eea7779e98e25646a39cf970cac833951429d995ba5b5cdc5caa345f95f699f7
df787dc03cae1bd64204,C 880955 ZMQ,1990,Maspeth Federal S & L Pkg Facility,10,civic_derived,eea7779e98e25646a39cf970cac833951429d995ba5b5cdc5caa345f95f699f7
d7cb9f3da8357a51a0bc,C 080293 ZMQ,2010,Bell Boulevard Rezoning,12,civic_derived,eea7779e98e25646a39cf970cac833951429d995ba5b5cdc5caa345f95f699f7
faf8056174efc4df5ab6,C 050245 MMQ,2005,Remsen Cemetery Park,4,civic_derived,eea7779e98e25646a39cf970cac833951429d995ba5b5cdc5caa345f95f699f7
e2bfdbecdc526207a748,C 770271 HOK,1977,,9,civic_derived,eea7779e98e25646a39cf970cac833951429d995ba5b5cdc5caa345f95f699f7
9b3ffda6b7c265ec6f33,C 960074 ZMM,1997,Lafayette-Mulberry,19,civic_derived,eea7779e98e25646a39cf970cac833951429d995ba5b5cdc5caa345f95f699f7
7baed4e69cea08094029,C 800323 HPM,1980,,4,civic_derived,eea7779e98e25646a39cf970cac833951429d995ba5b5cdc5caa345f95f699f7
96bb1d772cdf441d146a,C 820720 HOM,1982,Washington Hgts,6,civic_derived,eea7779e98e25646a39cf970cac833951429d995ba5b5cdc5caa345f95f699f7
a1b5bd07cc75dc18d039,C 840001 PSM,1983,331-333 Bowery,4,civic_derived,eea7779e98e25646a39cf970cac833951429d995ba5b5cdc5caa345f95f699f7
5d355d0360c1a038d8e5,C 990097 PPX,1999,C-O-P/16 Parcels,14,civic_derived,eea7779e98e25646a39cf970cac833951429d995ba5b5cdc5caa345f95f699f7
a8a6d5f5f9cbee669166,C 010485 MMR,2002,Seaside Nature Park Addition,9,civic_derived,eea7779e98e25646a39cf970cac833951429d995ba5b5cdc5caa345f95f699f7
17cad4f8302d949c487e,C 100468 MMQ,2011,36th Street,15,civic_derived,eea7779e98e25646a39cf970cac833951429d995ba5b5cdc5caa345f95f699f7
3870cd00c79c4a5f6f36,C 020363 ZSM,2002,Ronald Mcdonald House,16,civic_derived,eea7779e98e25646a39cf970cac833951429d995ba5b5cdc5caa345f95f699f7
30ff2817deb60bf5eaac,C 170079 PCQ,2017,Department of Health and Mental Hygiene Warehouse,10,council_mentioned_not_derived,eea7779e98e25646a39cf970cac833951429d995ba5b5cdc5caa345f95f699f7
a0149288d7634560bb40,C 970676 PPM,1997,,13,council_mentioned_not_derived,eea7779e98e25646a39cf970cac833951429d995ba5b5cdc5caa345f95f699f7
601d1b6b7a609bc0561e,C 150115 PQK,2015,Amico Senior Center,14,council_mentioned_not_derived,eea7779e98e25646a39cf970cac833951429d995ba5b5cdc5caa345f95f699f7
2174d914460e2bdbc060,C 190317 ZSM,2019,363 Lafayette Street,18,council_mentioned_not_derived,eea7779e98e25646a39cf970cac833951429d995ba5b5cdc5caa345f95f699f7
d0b1bec396a96ffb9cbc,C 230159 ZSK,2023,962 Pacific Street Rezoning,29,council_mentioned_not_derived,eea7779e98e25646a39cf970cac833951429d995ba5b5cdc5caa345f95f699f7
85b13fa81fef0f9785ec,C 820729 GFM,1982,"On The W/S Of Madison Ave, N/O E53Rd St",3,random_other,eea7779e98e25646a39cf970cac833951429d995ba5b5cdc5caa345f95f699f7
e67411acc46cfb30c550,C 890119 PLQ,1989,Hra Boarding Home,5,random_other,eea7779e98e25646a39cf970cac833951429d995ba5b5cdc5caa345f95f699f7
fc3ec5465fb39337f3b3,C 020562 PQX,2003,Nycacs Group Home,10,random_other,eea7779e98e25646a39cf970cac833951429d995ba5b5cdc5caa345f95f699f7
c6ab55e50170beeebe82,C 870593 PPM,1987,C-O-P,3,random_other,eea7779e98e25646a39cf970cac833951429d995ba5b5cdc5caa345f95f699f7
4d8554a8e39c612cfbfd,C 850482 PSM,1985,Is 218M Play Area,3,random_other,eea7779e98e25646a39cf970cac833951429d995ba5b5cdc5caa345f95f699f7
151236981b9fcfc3773c,C 990586 ZSM,1999,745 7Th Ave,23,random_other,eea7779e98e25646a39cf970cac833951429d995ba5b5cdc5caa345f95f699f7
c13c88c187447c7ab3b0,C 780197 MMM,1979,"Ave Of Americas,Canal St",2,random_other,eea7779e98e25646a39cf970cac833951429d995ba5b5cdc5caa345f95f699f7
63a79cafaa43a55563b2,C 820688 HDX,1982,631 E168 St,1,random_other,eea7779e98e25646a39cf970cac833951429d995ba5b5cdc5caa345f95f699f7
e7eef28190e66ed59987,C 810231 PPK,1981,,1,random_other,eea7779e98e25646a39cf970cac833951429d995ba5b5cdc5caa345f95f699f7
1f8369cca1e47fd59bc0,C 820403 TCM,1982,Caffe Viareggio,1,random_other,eea7779e98e25646a39cf970cac833951429d995ba5b5cdc5caa345f95f699f7
