document_id,measure,reviewer,agrees,reviewed_value,note
a0497471d59a70aaad60,cb_request_or_opposition,jacob,Y,0,
a0497471d59a70aaad60,substantial_local_opposition,jacob,Y,0,
a0497471d59a70aaad60,cpc_support_speakers,jacob,Y,4,
a0497471d59a70aaad60,cpc_opposition_speakers,jacob,Y,0,
b0fab8ab4e66bb1a8258,civic_group_position,jacob,Y,support_or_request,
b0fab8ab4e66bb1a8258,cb_request_or_opposition,jacob,Y,0,
b0fab8ab4e66bb1a8258,cpc_support_speakers,jacob,Y,4,
3a2361ba02feb156d070,civic_group_position,jacob,Y,support_or_request,
6d2364e4b225fe00c2c0,civic_group_position,jacob,Y,none_or_procedural,
6d2364e4b225fe00c2c0,cpc_support_speakers,jacob,Y,2,
6d2364e4b225fe00c2c0,cpc_opposition_speakers,jacob,Y,6,
f4bd0cd7b615710ce024,cpc_support_speakers,claude_page_check,Y,7,"Checked the page image of companion report C 790065 ZMQ, p.1 (790065.pdf): ""5 appearances in favor and 11 in opposition at the first hearing and 2 in favor and 11 in opposition at the October 3, 1979 hearing"". The landfill and rezoning were heard together; the landfill report itself gives no count."
f4bd0cd7b615710ce024,cpc_opposition_speakers,claude_page_check,Y,22,"Checked the page image of companion report C 790065 ZMQ, p.1 (790065.pdf): ""5 appearances in favor and 11 in opposition at the first hearing and 2 in favor and 11 in opposition at the October 3, 1979 hearing"". The landfill and rezoning were heard together; the landfill report itself gives no count."
3a8924606fed01e7f1f6,councilmember_position,jacob,Y,none_or_procedural,
e011fad731f745a55801,cpc_opposition_speakers,jacob,Y,32,
c58dd7c041e8042a64aa,councilmember_position,jacob,Y,support_or_request,
c58dd7c041e8042a64aa,cpc_support_speakers,jacob,Y,13,
c58dd7c041e8042a64aa,cpc_opposition_speakers,jacob,Y,8,
c2c8380c69a5097a1d28,civic_group_position,jacob,Y,opposition,
c2c8380c69a5097a1d28,cpc_opposition_speakers,jacob,Y,7,
62bf96800f142633a09a,councilmember_position,jacob,Y,support_or_request,
62bf96800f142633a09a,civic_group_position,jacob,Y,none_or_procedural,
abf49905f43fb9b31977,cpc_support_speakers,jacob,Y,8,
b6cc3e64d81c19448b42,civic_group_position,jacob,N,none_or_procedural,busniness are not civic groups
8d4867976202439b050b,civic_group_position,jacob,Y,opposition,
8d4867976202439b050b,cpc_support_speakers,jacob,Y,,
8d4867976202439b050b,cpc_opposition_speakers,jacob,Y,,
a7d0c2b50bbd2f11cdac,substantial_local_opposition,jacob,Y,0,
a7d0c2b50bbd2f11cdac,cpc_support_speakers,jacob,Y,5,
5ccd0074693eefe3c7ba,civic_group_position,jacob,Y,none_or_procedural,
5ccd0074693eefe3c7ba,cpc_support_speakers,jacob,Y,3,
7f4a70790d56975f836d,civic_group_position,jacob,Y,none_or_procedural,
7f4a70790d56975f836d,cpc_support_speakers,jacob,Y,2,
df787dc03cae1bd64204,councilmember_position,jacob,Y,none_or_procedural,
df787dc03cae1bd64204,civic_group_position,jacob,N,support_or_request,I know we need a name but this is clearly support
df787dc03cae1bd64204,substantial_local_opposition,jacob,Y,1,
df787dc03cae1bd64204,cpc_support_speakers,jacob,Y,9,
df787dc03cae1bd64204,cpc_opposition_speakers,jacob,Y,5,
d7cb9f3da8357a51a0bc,councilmember_position,jacob,Y,none_or_procedural,
d7cb9f3da8357a51a0bc,cpc_support_speakers,jacob,Y,3,
faf8056174efc4df5ab6,civic_group_position,jacob,Y,support_or_request,
faf8056174efc4df5ab6,substantial_local_opposition,jacob,Y,0,
faf8056174efc4df5ab6,cpc_support_speakers,jacob,Y,4,
e2bfdbecdc526207a748,civic_group_position,jacob,Y,support_or_request,
e2bfdbecdc526207a748,cpc_support_speakers,jacob,Y,,
9b3ffda6b7c265ec6f33,cpc_opposition_speakers,jacob,Y,1,
7baed4e69cea08094029,councilmember_position,jacob,Y,none_or_procedural,
7baed4e69cea08094029,civic_group_position,jacob,Y,opposition,
96bb1d772cdf441d146a,civic_group_position,jacob,Y,opposition,
96bb1d772cdf441d146a,substantial_local_opposition,jacob,Y,1,
96bb1d772cdf441d146a,cpc_support_speakers,jacob,Y,,
96bb1d772cdf441d146a,cpc_opposition_speakers,jacob,Y,,
a1b5bd07cc75dc18d039,cpc_support_speakers,jacob,Y,2,
5d355d0360c1a038d8e5,cpc_support_speakers,jacob,Y,0,
a8a6d5f5f9cbee669166,councilmember_position,jacob,Y,none_or_procedural,
17cad4f8302d949c487e,civic_group_position,jacob,Y,none_or_procedural,
17cad4f8302d949c487e,cpc_support_speakers,jacob,Y,10,
3870cd00c79c4a5f6f36,civic_group_position,jacob,Y,support_or_request,
3870cd00c79c4a5f6f36,cpc_support_speakers,jacob,Y,4,
30ff2817deb60bf5eaac,bp_request_or_opposition,jacob,Y,0,
601d1b6b7a609bc0561e,civic_group_position,jacob,N,none_or_procedural,Amico isnt a civic group
601d1b6b7a609bc0561e,bp_request_or_opposition,jacob,Y,1,
601d1b6b7a609bc0561e,cpc_support_speakers,jacob,Y,5,
2174d914460e2bdbc060,councilmember_position,jacob,Y,none_or_procedural,
2174d914460e2bdbc060,substantial_local_opposition,jacob,Y,1,
d0b1bec396a96ffb9cbc,civic_group_position,jacob,Y,none_or_procedural,
85b13fa81fef0f9785ec,cpc_support_speakers,jacob,Y,,
c6ab55e50170beeebe82,cb_request_or_opposition,jacob,Y,0,
c13c88c187447c7ab3b0,cpc_support_speakers,jacob,Y,,
63a79cafaa43a55563b2,substantial_local_opposition,jacob,Y,0,
63a79cafaa43a55563b2,cpc_opposition_speakers,jacob,Y,0,
e7eef28190e66ed59987,bp_request_or_opposition,jacob,Y,0,
