application_number,corpus_role,project_name,community_district,vote_date,vote_year,lead_report_flag,pdf_url,report_stem,index_omission_evidence,validation_coder,validation_date,source_usable,source_unavailable_reason,vote_date_basis
C 970160 ZMR,certified_ulurp_report,950-962 Richmond Avenue,SI 01,07/28/1997,1997,FALSE,https://zap-api-production.herokuapp.com/document/projectaction/sites/nycdcppfs/dcp_projectaction/ZM%20-Zoning%20Map%20Amendment_90E16C652533E811812E1458D04D95C0/970160.pdf,970160,"ZAP hosts the CPC report; its printed header identifies C 970160 ZMR and the July 28, 1997 CPC vote. The report is absent from the DCP CPC Reports index.",codex_gpt5_source_review,2026-07-11,1,,printed_report_header_and_resolution
C 090125 ZMM,certified_ulurp_report,Hobbs Court,MN 11,04/22/2009,2009,FALSE,https://www.nyc.gov/assets/planning/download/pdf/about/cpc/090125.pdf,090125,"The official DCP PDF has the printed C 090125 ZMM header and Council records identify a Section 197-c zoning-map application, but the report is absent from the DCP CPC Reports index.",codex_gpt5_source_review,2026-07-11,1,,printed_report_header_and_resolution
N 150196 HAX,related_project_narrative_lead,New Roads Plaza,BX 03,04/01/2015,2015,TRUE,https://www.nyc.gov/assets/planning/download/pdf/about/cpc/150196.pdf,150196,The official DCP PDF has the printed N 150196 HAX header and carries the narrative for the paired certified C 150197 ZSX project; both reports are absent from the DCP CPC Reports index.,codex_gpt5_source_review,2026-07-11,1,,printed_report_header_and_resolution
C 150197 ZSX,certified_ulurp_report,New Roads Plaza,BX 03,04/01/2015,2015,FALSE,https://www.nyc.gov/assets/planning/download/pdf/about/cpc/150197.pdf,150197,"The official DCP PDF has the printed C 150197 ZSX header and Council records identify a Section 197-c special-permit application, but the report is absent from the DCP CPC Reports index.",codex_gpt5_source_review,2026-07-11,1,,printed_report_header_and_resolution
C 190305 ZMK,certified_ulurp_report,6003 8th Avenue Rezoning,BK 12,10/16/2019,2019,FALSE,https://www.nyc.gov/assets/planning/download/pdf/about/cpc/190305.pdf,190305,"The official DCP PDF has the printed C 190305 ZMK header and Council records identify a Section 197-c zoning-map application, but the report is absent from the DCP CPC Reports index.",codex_gpt5_source_review,2026-07-11,1,,printed_report_header_and_resolution
C 210031 ZMK,certified_ulurp_report,Sutter Avenue Rezoning,BK 05,03/02/2022,2022,TRUE,https://www.nyc.gov/assets/planning/download/pdf/about/cpc/210031.pdf,210031,"The official DCP PDF has the printed C 210031 ZMK header and Council records identify a Section 197-c zoning-map application, but the report is absent from the DCP CPC Reports index.",codex_gpt5_source_review,2026-07-11,1,,printed_report_header_and_resolution
C 960601 ZMQ,certified_ulurp_report,Queens Zoning Map Change (Council District 22),,01/21/1998,1998,FALSE,,960601,"Council introduced this Section 197-c ULURP referral on January 22, 1998. The referral immediately followed the January 21 CPC meeting, the only CPC vote meeting between the surrounding January 7 and February 4 indexed reports. No DCP index row or public report file exists.",codex_gpt5_source_review,2026-07-11,0,No authentic CPC report is posted in the DCP index or ZAP public document routes.,inferred_from_next_day_council_referral_and_cpc_vote_calendar
C 960620 ZMQ,certified_ulurp_report,Queens Zoning Map Change (Council District 32),,01/21/1998,1998,FALSE,,960620,"Council introduced this Section 197-c ULURP referral on January 22, 1998. The referral immediately followed the January 21 CPC meeting, the only CPC vote meeting between the surrounding January 7 and February 4 indexed reports. No DCP index row or public report file exists.",codex_gpt5_source_review,2026-07-11,0,No authentic CPC report is posted in the DCP index or ZAP public document routes.,inferred_from_next_day_council_referral_and_cpc_vote_calendar
C 960670 ZMX,certified_ulurp_report,Bronx Zoning Map Change (Council District 13),,01/21/1998,1998,FALSE,,960670,"Council introduced this Section 197-c ULURP referral on January 22, 1998. The referral immediately followed the January 21 CPC meeting, the only CPC vote meeting between the surrounding January 7 and February 4 indexed reports. No DCP index row or public report file exists.",codex_gpt5_source_review,2026-07-11,0,No authentic CPC report is posted in the DCP index or ZAP public document routes.,inferred_from_next_day_council_referral_and_cpc_vote_calendar
C 980680 ZMK,certified_ulurp_report,Huntington House Apartments,BK 06,04/07/1999,1999,FALSE,,980680,"ZAP identifies a completed ULURP project and Council Resolution 761 records the CPC decision dated April 7, 1999. The action is absent from the DCP index and no public CPC report file is posted.",codex_gpt5_source_review,2026-07-11,0,No authentic CPC report is posted in the DCP index or ZAP public document routes.,council_resolution_cpc_decision_date
C 000074 PPM,certified_ulurp_report,Ten Manhattan City-Owned Properties,MN 03,07/26/2000,2000,FALSE,,000074,"Council Resolution 1545 records the CPC decision dated July 26, 2000 on this Section 197-c disposition and Council later disapproved it. The action is absent from the DCP index and no public CPC report file is posted.",codex_gpt5_source_review,2026-07-11,0,No authentic CPC report is posted in the DCP index or ZAP public document routes.,council_resolution_cpc_decision_date
C 990232 ZMR,certified_ulurp_report,West Brighton Rezoning,SI 01,07/26/2000,2000,FALSE,,990232,"ZAP identifies a completed ULURP project and Council Resolution 1502 records the CPC decision dated July 26, 2000. The action is absent from the DCP index and no public CPC report file is posted.",codex_gpt5_source_review,2026-07-11,0,No authentic CPC report is posted in the DCP index or ZAP public document routes.,council_resolution_cpc_decision_date
C 990235 PCQ,certified_ulurp_report,DEP Central Vehicle Repair,QN 02,07/26/2000,2000,FALSE,,990235,"ZAP identifies a completed ULURP project and Council Resolution 1543 records the CPC decision dated July 26, 2000. The action is absent from the DCP index and no public CPC report file is posted.",codex_gpt5_source_review,2026-07-11,0,No authentic CPC report is posted in the DCP index or ZAP public document routes.,council_resolution_cpc_decision_date
C 990681 ZMR,certified_ulurp_report,Snug Harbor East,SI 01,07/26/2000,2000,FALSE,,990681,"ZAP identifies a completed ULURP project and Council Resolution 1501 records the CPC decision dated July 26, 2000. The action is absent from the DCP index and no public CPC report file is posted.",codex_gpt5_source_review,2026-07-11,0,No authentic CPC report is posted in the DCP index or ZAP public document routes.,council_resolution_cpc_decision_date
C 010185 ZMQ,certified_ulurp_report,Eagle Electric Building,QN 01,12/17/2001,2001,FALSE,,010185,"ZAP identifies a completed ULURP project and Council Resolution 38 records the CPC decision dated December 17, 2001. The action is absent from the DCP index and no public CPC report file is posted.",codex_gpt5_source_review,2026-07-11,0,No authentic CPC report is posted in the DCP index or ZAP public document routes.,council_resolution_cpc_decision_date
C 020278 PSK,certified_ulurp_report,West 17th Street Museum,BK 13,04/03/2002,2002,FALSE,,020278,"Council introduced this Section 197-c ULURP referral on April 10, 2002. Other applications in the same referral cohort state that CPC voted April 3 and filed decisions April 9. No DCP index row or public report file exists.",codex_gpt5_source_review,2026-07-11,0,No authentic CPC report is posted in the DCP index or ZAP public document routes.,inferred_from_council_referral_cohort_and_cpc_vote_calendar
C 020279 HDK,certified_ulurp_report,West 17th Street Museum Disposition,BK 13,04/03/2002,2002,FALSE,,020279,"Council introduced this Section 197-c ULURP referral on April 10, 2002. Other applications in the same referral cohort state that CPC voted April 3 and filed decisions April 9. No DCP index row or public report file exists.",codex_gpt5_source_review,2026-07-11,0,No authentic CPC report is posted in the DCP index or ZAP public document routes.,inferred_from_council_referral_cohort_and_cpc_vote_calendar
C 080019 HAX,certified_ulurp_report,Longwood Gardens,BX 02,10/31/2007,2007,TRUE,,080019,"ZAP identifies a completed ULURP project and Council Resolution 1194 records the CPC decision dated October 31, 2007. The action is absent from the DCP index and no public CPC report file is posted.",codex_gpt5_source_review,2026-07-11,0,No authentic CPC report is posted in the DCP index or ZAP public document routes.,council_resolution_cpc_decision_date
C 080020 PQX,certified_ulurp_report,Longwood Gardens,BX 02,10/31/2007,2007,FALSE,,080020,"ZAP identifies a completed ULURP project and Council records identify it as the paired acquisition in the October 31, 2007 CPC decision. The action is absent from the DCP index and no public CPC report file is posted.",codex_gpt5_source_review,2026-07-11,0,No authentic CPC report is posted in the DCP index or ZAP public document routes.,paired_council_resolution_cpc_decision_date
C 770182 PPK,certified_ulurp_report,SALE OF CITY-OWNED PROPERTY,BK 01,08/15/1977,1977,FALSE,,770182,"The ZAP project API records a completed CPC vote on August 15, 1977 with outcome Approval. The action is absent from the DCP CPC Reports index, and no authentic CPC report is posted at the DCP or ZAP public document routes. Evidence: https://zap-api-production.herokuapp.com/projects/P1977K0311?include=actions,milestones",codex_gpt5_source_review,2026-07-11,0,"No authentic CPC report is posted in the DCP index, direct report route, or ZAP public document route.",zap_project_api_cpc_vote_milestone
C 770183 PPK,certified_ulurp_report,SALE OF CITY-OWNED PROPERTY,BK 03,08/15/1977,1977,FALSE,,770183,"The ZAP project API records a completed CPC vote on August 15, 1977 with outcome Approval. The action is absent from the DCP CPC Reports index, and no authentic CPC report is posted at the DCP or ZAP public document routes. Evidence: https://zap-api-production.herokuapp.com/projects/P1977K0312?include=actions,milestones",codex_gpt5_source_review,2026-07-11,0,"No authentic CPC report is posted in the DCP index, direct report route, or ZAP public document route.",zap_project_api_cpc_vote_milestone
C 770184 PPK,certified_ulurp_report,SALE OF CITY-OWNED PROPERTY,BK 04,08/15/1977,1977,FALSE,,770184,"The ZAP project API records a completed CPC vote on August 15, 1977 with outcome Approval. The action is absent from the DCP CPC Reports index, and no authentic CPC report is posted at the DCP or ZAP public document routes. Evidence: https://zap-api-production.herokuapp.com/projects/P1977K0313?include=actions,milestones",codex_gpt5_source_review,2026-07-11,0,"No authentic CPC report is posted in the DCP index, direct report route, or ZAP public document route.",zap_project_api_cpc_vote_milestone
C 770185 PPK,certified_ulurp_report,SALE OF CITY-OWNED PROPERTY,BK 05,08/15/1977,1977,FALSE,,770185,"The ZAP project API records a completed CPC vote on August 15, 1977 with outcome Approval. The action is absent from the DCP CPC Reports index, and no authentic CPC report is posted at the DCP or ZAP public document routes. Evidence: https://zap-api-production.herokuapp.com/projects/P1977K0314?include=actions,milestones",codex_gpt5_source_review,2026-07-11,0,"No authentic CPC report is posted in the DCP index, direct report route, or ZAP public document route.",zap_project_api_cpc_vote_milestone
C 770186 PPK,certified_ulurp_report,SALE OF CITY-OWNED PROPERTY,BK 06,08/15/1977,1977,FALSE,,770186,"The ZAP project API records a completed CPC vote on August 15, 1977 with outcome Approval. The action is absent from the DCP CPC Reports index, and no authentic CPC report is posted at the DCP or ZAP public document routes. Evidence: https://zap-api-production.herokuapp.com/projects/P1977K0315?include=actions,milestones",codex_gpt5_source_review,2026-07-11,0,"No authentic CPC report is posted in the DCP index, direct report route, or ZAP public document route.",zap_project_api_cpc_vote_milestone
C 770187 PPK,certified_ulurp_report,SALE OF CITY-OWNED PROPERTY,BK 07,08/15/1977,1977,FALSE,,770187,"The ZAP project API records a completed CPC vote on August 15, 1977 with outcome Approval. The action is absent from the DCP CPC Reports index, and no authentic CPC report is posted at the DCP or ZAP public document routes. Evidence: https://zap-api-production.herokuapp.com/projects/P1977K0316?include=actions,milestones",codex_gpt5_source_review,2026-07-11,0,"No authentic CPC report is posted in the DCP index, direct report route, or ZAP public document route.",zap_project_api_cpc_vote_milestone
C 770188 PPK,certified_ulurp_report,SALE OF CITY-OWNED PROPERTY,BK 08,08/15/1977,1977,FALSE,,770188,"The ZAP project API records a completed CPC vote on August 15, 1977 with outcome Approval. The action is absent from the DCP CPC Reports index, and no authentic CPC report is posted at the DCP or ZAP public document routes. Evidence: https://zap-api-production.herokuapp.com/projects/P1977K0317?include=actions,milestones",codex_gpt5_source_review,2026-07-11,0,"No authentic CPC report is posted in the DCP index, direct report route, or ZAP public document route.",zap_project_api_cpc_vote_milestone
C 770189 PPK,certified_ulurp_report,SALE OF CITY-OWNED PROPERTY,BK 16,08/15/1977,1977,FALSE,,770189,"The ZAP project API records a completed CPC vote on August 15, 1977 with outcome Approval. The action is absent from the DCP CPC Reports index, and no authentic CPC report is posted at the DCP or ZAP public document routes. Evidence: https://zap-api-production.herokuapp.com/projects/P1977K0318?include=actions,milestones",codex_gpt5_source_review,2026-07-11,0,"No authentic CPC report is posted in the DCP index, direct report route, or ZAP public document route.",zap_project_api_cpc_vote_milestone
C 770594 MFQ,certified_ulurp_report,,QN 01,01/02/1979,1979,FALSE,,770594,"The ZAP project API records a completed CPC vote on January 2, 1979 with outcome Approval. The action is absent from the DCP CPC Reports index, and no authentic CPC report is posted at the DCP or ZAP public document routes. Evidence: https://zap-api-production.herokuapp.com/projects/P1978Q0150?include=actions,milestones",codex_gpt5_source_review,2026-07-11,0,"No authentic CPC report is posted in the DCP index, direct report route, or ZAP public document route.",zap_project_api_cpc_vote_milestone
C 770516 MFY,certified_ulurp_report,,,03/14/1979,1979,FALSE,,770516,"The ZAP project API records a completed CPC vote on March 14, 1979 with outcome Approval. The action is absent from the DCP CPC Reports index, and no authentic CPC report is posted at the DCP or ZAP public document routes. Evidence: https://zap-api-production.herokuapp.com/projects/P1978Y0081?include=actions,milestones",codex_gpt5_source_review,2026-07-11,0,"No authentic CPC report is posted in the DCP index, direct report route, or ZAP public document route.",zap_project_api_cpc_vote_milestone
C 780195 MMX,certified_ulurp_report,"CHARLOTTE ST,BOSTON RD",BX 03,12/18/1978,1978,FALSE,,780195,"The ZAP project API records a completed CPC vote on December 18, 1978 with outcome Approval. The action is absent from the DCP CPC Reports index, and no authentic CPC report is posted at the DCP or ZAP public document routes. Evidence: https://zap-api-production.herokuapp.com/projects/P1978X0475?include=actions,milestones",codex_gpt5_source_review,2026-07-11,0,"No authentic CPC report is posted in the DCP index, direct report route, or ZAP public document route.",zap_project_api_cpc_vote_milestone
C 780552 PLK,certified_ulurp_report,600 HAMILTON AVE,BK 06,04/16/1979,1979,FALSE,,780552,"The ZAP project API records a completed CPC vote on April 16, 1979 with outcome Approval. The action is absent from the DCP CPC Reports index, and no authentic CPC report is posted at the DCP or ZAP public document routes. Evidence: https://zap-api-production.herokuapp.com/projects/P1979K0209?include=actions,milestones",codex_gpt5_source_review,2026-07-11,0,"No authentic CPC report is posted in the DCP index, direct report route, or ZAP public document route.",zap_project_api_cpc_vote_milestone
C 780376 MFY,certified_ulurp_report,,,10/09/1979,1979,FALSE,,780376,"The ZAP project API records a completed CPC vote on October 9, 1979 with outcome Approval. The action is absent from the DCP CPC Reports index, and no authentic CPC report is posted at the DCP or ZAP public document routes. Evidence: https://zap-api-production.herokuapp.com/projects/P1979Y0036?include=actions,milestones",codex_gpt5_source_review,2026-07-11,0,"No authentic CPC report is posted in the DCP index, direct report route, or ZAP public document route.",zap_project_api_cpc_vote_milestone
C 790597 PPM,certified_ulurp_report,,MN 02,02/11/1980,1980,FALSE,,790597,"The ZAP project API records a completed CPC vote on February 11, 1980 with outcome Approval. The action is absent from the DCP CPC Reports index, and no authentic CPC report is posted at the DCP or ZAP public document routes. Evidence: https://zap-api-production.herokuapp.com/projects/P1980M0165?include=actions,milestones",codex_gpt5_source_review,2026-07-11,0,"No authentic CPC report is posted in the DCP index, direct report route, or ZAP public document route.",zap_project_api_cpc_vote_milestone
C 790599 PPM,certified_ulurp_report,,MN 04,02/11/1980,1980,FALSE,,790599,"The ZAP project API records a completed CPC vote on February 11, 1980 with outcome Approval. The action is absent from the DCP CPC Reports index, and no authentic CPC report is posted at the DCP or ZAP public document routes. Evidence: https://zap-api-production.herokuapp.com/projects/P1980M0167?include=actions,milestones",codex_gpt5_source_review,2026-07-11,0,"No authentic CPC report is posted in the DCP index, direct report route, or ZAP public document route.",zap_project_api_cpc_vote_milestone
C 790600 PPM,certified_ulurp_report,,MN 05,02/11/1980,1980,FALSE,,790600,"The ZAP project API records a completed CPC vote on February 11, 1980 with outcome Approval. The action is absent from the DCP CPC Reports index, and no authentic CPC report is posted at the DCP or ZAP public document routes. Evidence: https://zap-api-production.herokuapp.com/projects/P1980M0168?include=actions,milestones",codex_gpt5_source_review,2026-07-11,0,"No authentic CPC report is posted in the DCP index, direct report route, or ZAP public document route.",zap_project_api_cpc_vote_milestone
C 790601 PPM,certified_ulurp_report,,MN 06,02/11/1980,1980,FALSE,,790601,"The ZAP project API records a completed CPC vote on February 11, 1980 with outcome Approval. The action is absent from the DCP CPC Reports index, and no authentic CPC report is posted at the DCP or ZAP public document routes. Evidence: https://zap-api-production.herokuapp.com/projects/P1980M0169?include=actions,milestones",codex_gpt5_source_review,2026-07-11,0,"No authentic CPC report is posted in the DCP index, direct report route, or ZAP public document route.",zap_project_api_cpc_vote_milestone
C 790602 PPM,certified_ulurp_report,,MN 07,02/11/1980,1980,FALSE,,790602,"The ZAP project API records a completed CPC vote on February 11, 1980 with outcome Approval. The action is absent from the DCP CPC Reports index, and no authentic CPC report is posted at the DCP or ZAP public document routes. Evidence: https://zap-api-production.herokuapp.com/projects/P1980M0170?include=actions,milestones",codex_gpt5_source_review,2026-07-11,0,"No authentic CPC report is posted in the DCP index, direct report route, or ZAP public document route.",zap_project_api_cpc_vote_milestone
C 790604 PPM,certified_ulurp_report,,MN 09,02/11/1980,1980,FALSE,,790604,"The ZAP project API records a completed CPC vote on February 11, 1980 with outcome Approval. The action is absent from the DCP CPC Reports index, and no authentic CPC report is posted at the DCP or ZAP public document routes. Evidence: https://zap-api-production.herokuapp.com/projects/P1980M0172?include=actions,milestones",codex_gpt5_source_review,2026-07-11,0,"No authentic CPC report is posted in the DCP index, direct report route, or ZAP public document route.",zap_project_api_cpc_vote_milestone
C 790605 PPM,certified_ulurp_report,,MN 10,02/11/1980,1980,FALSE,,790605,"The ZAP project API records a completed CPC vote on February 11, 1980 with outcome Approval. The action is absent from the DCP CPC Reports index, and no authentic CPC report is posted at the DCP or ZAP public document routes. Evidence: https://zap-api-production.herokuapp.com/projects/P1980M0173?include=actions,milestones",codex_gpt5_source_review,2026-07-11,0,"No authentic CPC report is posted in the DCP index, direct report route, or ZAP public document route.",zap_project_api_cpc_vote_milestone
C 790606 PPM,certified_ulurp_report,,MN 11,02/11/1980,1980,FALSE,,790606,"The ZAP project API records a completed CPC vote on February 11, 1980 with outcome Approval. The action is absent from the DCP CPC Reports index, and no authentic CPC report is posted at the DCP or ZAP public document routes. Evidence: https://zap-api-production.herokuapp.com/projects/P1980M0174?include=actions,milestones",codex_gpt5_source_review,2026-07-11,0,"No authentic CPC report is posted in the DCP index, direct report route, or ZAP public document route.",zap_project_api_cpc_vote_milestone
C 790583 PPX,certified_ulurp_report,,BX 01,02/13/1980,1980,FALSE,,790583,"The ZAP project API records a completed CPC vote on February 13, 1980 with outcome Approval. The action is absent from the DCP CPC Reports index, and no authentic CPC report is posted at the DCP or ZAP public document routes. Evidence: https://zap-api-production.herokuapp.com/projects/P1980X0151?include=actions,milestones",codex_gpt5_source_review,2026-07-11,0,"No authentic CPC report is posted in the DCP index, direct report route, or ZAP public document route.",zap_project_api_cpc_vote_milestone
C 790584 PPX,certified_ulurp_report,,BX 03,02/13/1980,1980,FALSE,,790584,"The ZAP project API records a completed CPC vote on February 13, 1980 with outcome Approval. The action is absent from the DCP CPC Reports index, and no authentic CPC report is posted at the DCP or ZAP public document routes. Evidence: https://zap-api-production.herokuapp.com/projects/P1980X0152?include=actions,milestones",codex_gpt5_source_review,2026-07-11,0,"No authentic CPC report is posted in the DCP index, direct report route, or ZAP public document route.",zap_project_api_cpc_vote_milestone
C 780392 MMQ,certified_ulurp_report,79TH ST BET 156 & 157 AVES,QN 10,05/14/1980,1980,FALSE,,780392,"The ZAP project API records a completed CPC vote on May 14, 1980 with outcome Approval. The action is absent from the DCP CPC Reports index, and no authentic CPC report is posted at the DCP or ZAP public document routes. Evidence: https://zap-api-production.herokuapp.com/projects/P1979Q0033?include=actions,milestones",codex_gpt5_source_review,2026-07-11,0,"No authentic CPC report is posted in the DCP index, direct report route, or ZAP public document route.",zap_project_api_cpc_vote_milestone
C 800238 TLM,certified_ulurp_report,THE ASPHALT GREEN PIER,MN 08,09/03/1980,1980,FALSE,,800238,"The ZAP project API records a completed CPC vote on September 3, 1980 with outcome Approval. The action is absent from the DCP CPC Reports index, and no authentic CPC report is posted at the DCP or ZAP public document routes. Evidence: https://zap-api-production.herokuapp.com/projects/P1980M0825?include=actions,milestones",codex_gpt5_source_review,2026-07-11,0,"No authentic CPC report is posted in the DCP index, direct report route, or ZAP public document route.",zap_project_api_cpc_vote_milestone
C 790642 MMQ,certified_ulurp_report,143TH ST BET NO CONDUIT AVE & 135TH AVE,QN 12,09/02/1980,1980,FALSE,,790642,"The ZAP project API records a completed CPC vote on September 2, 1980 with outcome Approval. The action is absent from the DCP CPC Reports index, and no authentic CPC report is posted at the DCP or ZAP public document routes. Evidence: https://zap-api-production.herokuapp.com/projects/P1980Q0281?include=actions,milestones",codex_gpt5_source_review,2026-07-11,0,"No authentic CPC report is posted in the DCP index, direct report route, or ZAP public document route.",zap_project_api_cpc_vote_milestone
C 800068 TCM,certified_ulurp_report,VILLA EDA RESTAURANT,MN 02,09/03/1980,1980,FALSE,,800068,"The ZAP project API records a completed CPC vote on September 3, 1980 with outcome Approval. The action is absent from the DCP CPC Reports index, and no authentic CPC report is posted at the DCP or ZAP public document routes. Evidence: https://zap-api-production.herokuapp.com/projects/P1980M1137?include=actions,milestones",codex_gpt5_source_review,2026-07-11,0,"No authentic CPC report is posted in the DCP index, direct report route, or ZAP public document route.",zap_project_api_cpc_vote_milestone
C 800067 TCM,certified_ulurp_report,EMPIRE SZECHUAN GOURMET,MN 07,09/03/1980,1980,FALSE,,800067,"The ZAP project API records a completed CPC vote on September 3, 1980 with outcome Approval. The action is absent from the DCP CPC Reports index, and no authentic CPC report is posted at the DCP or ZAP public document routes. Evidence: https://zap-api-production.herokuapp.com/projects/P1980M1136?include=actions,milestones",codex_gpt5_source_review,2026-07-11,0,"No authentic CPC report is posted in the DCP index, direct report route, or ZAP public document route.",zap_project_api_cpc_vote_milestone
C 800328 TCM,certified_ulurp_report,MIDAN RESTAURANT,MN 04,06/18/1980,1980,FALSE,,800328,"The ZAP project API records a completed CPC vote on June 18, 1980 with outcome Approval. The action is absent from the DCP CPC Reports index, and no authentic CPC report is posted at the DCP or ZAP public document routes. Evidence: https://zap-api-production.herokuapp.com/projects/P1980M1153?include=actions,milestones",codex_gpt5_source_review,2026-07-11,0,"No authentic CPC report is posted in the DCP index, direct report route, or ZAP public document route.",zap_project_api_cpc_vote_milestone
C 800399 PPK,certified_ulurp_report,VILLA STORICA,BK 06,09/03/1980,1980,FALSE,,800399,"The ZAP project API records a completed CPC vote on September 3, 1980 with outcome Approval. The action is absent from the DCP CPC Reports index, and no authentic CPC report is posted at the DCP or ZAP public document routes. Evidence: https://zap-api-production.herokuapp.com/projects/P1980K0941?include=actions,milestones",codex_gpt5_source_review,2026-07-11,0,"No authentic CPC report is posted in the DCP index, direct report route, or ZAP public document route.",zap_project_api_cpc_vote_milestone
C 800332 PER,certified_ulurp_report,"AMBOY RD, POILLON AVE, BILLIOU ST, COMMUNITY LANE,",SI 03,07/30/1980,1980,FALSE,,800332,"The ZAP project API records a completed CPC vote on July 30, 1980 with outcome Approval. The action is absent from the DCP CPC Reports index, and no authentic CPC report is posted at the DCP or ZAP public document routes. Evidence: https://zap-api-production.herokuapp.com/projects/P1980R0788?include=actions,milestones",codex_gpt5_source_review,2026-07-11,0,"No authentic CPC report is posted in the DCP index, direct report route, or ZAP public document route.",zap_project_api_cpc_vote_milestone
C 790808 GFM,certified_ulurp_report,ACROSS EXCHANGE PLACE EAST AT WILLIAM ST,MN 01,09/03/1980,1980,FALSE,,790808,"The ZAP project API records a completed CPC vote on September 3, 1980 with outcome Approval. The action is absent from the DCP CPC Reports index, and no authentic CPC report is posted at the DCP or ZAP public document routes. Evidence: https://zap-api-production.herokuapp.com/projects/P1980M0474?include=actions,milestones",codex_gpt5_source_review,2026-07-11,0,"No authentic CPC report is posted in the DCP index, direct report route, or ZAP public document route.",zap_project_api_cpc_vote_milestone
C 800813 HAM,certified_ulurp_report,236 E3RD ST BET AVE B & C,MN 03,01/21/1981,1981,FALSE,,800813,"The ZAP project API records a completed CPC vote on January 21, 1981 with outcome Approval. The action is absent from the DCP CPC Reports index, and no authentic CPC report is posted at the DCP or ZAP public document routes. Evidence: https://zap-api-production.herokuapp.com/projects/P1981M0196?include=actions,milestones",codex_gpt5_source_review,2026-07-11,0,"No authentic CPC report is posted in the DCP index, direct report route, or ZAP public document route.",zap_project_api_cpc_vote_milestone
C 800569 TCM,certified_ulurp_report,BRUNO BAKER,MN 02,02/11/1981,1981,FALSE,,800569,"The ZAP project API records a completed CPC vote on February 11, 1981 with outcome Approval. The action is absent from the DCP CPC Reports index, and no authentic CPC report is posted at the DCP or ZAP public document routes. Evidence: https://zap-api-production.herokuapp.com/projects/P1980M1180?include=actions,milestones",codex_gpt5_source_review,2026-07-11,0,"No authentic CPC report is posted in the DCP index, direct report route, or ZAP public document route.",zap_project_api_cpc_vote_milestone
C 800628 TCM,certified_ulurp_report,GRANADOS RESTAURANT,MN 02,02/11/1981,1981,FALSE,,800628,"The ZAP project API records a completed CPC vote on February 11, 1981 with outcome Approval. The action is absent from the DCP CPC Reports index, and no authentic CPC report is posted at the DCP or ZAP public document routes. Evidence: https://zap-api-production.herokuapp.com/projects/P1981M1090?include=actions,milestones",codex_gpt5_source_review,2026-07-11,0,"No authentic CPC report is posted in the DCP index, direct report route, or ZAP public document route.",zap_project_api_cpc_vote_milestone
C 790752 GFM,certified_ulurp_report,E70TH ST BET YORK AVE & EXTERIOR ST,MN 08,04/15/1981,1981,FALSE,,790752,"The ZAP project API records a completed CPC vote on April 15, 1981 with outcome Approval. The action is absent from the DCP CPC Reports index, and no authentic CPC report is posted at the DCP or ZAP public document routes. Evidence: https://zap-api-production.herokuapp.com/projects/P1980M0395?include=actions,milestones",codex_gpt5_source_review,2026-07-11,0,"No authentic CPC report is posted in the DCP index, direct report route, or ZAP public document route.",zap_project_api_cpc_vote_milestone
C 810146 PPX,certified_ulurp_report,"DI FINI ORIGINALS, INC.",BX 01,06/03/1981,1981,FALSE,,810146,"The ZAP project API records a completed CPC vote on June 3, 1981 with outcome Approval. The action is absent from the DCP CPC Reports index, and no authentic CPC report is posted at the DCP or ZAP public document routes. Evidence: https://zap-api-production.herokuapp.com/projects/P1981X0598?include=actions,milestones",codex_gpt5_source_review,2026-07-11,0,"No authentic CPC report is posted in the DCP index, direct report route, or ZAP public document route.",zap_project_api_cpc_vote_milestone
C 810157 PSX,certified_ulurp_report,1055 BX RIVER AV. BET EDGEWATER RD & BRONX RIVER.,BX 02,07/08/1981,1981,FALSE,,810157,"The ZAP project API records a completed CPC vote on July 8, 1981 with outcome Approval. The action is absent from the DCP CPC Reports index, and no authentic CPC report is posted at the DCP or ZAP public document routes. Evidence: https://zap-api-production.herokuapp.com/projects/P1981X0610?include=actions,milestones",codex_gpt5_source_review,2026-07-11,0,"No authentic CPC report is posted in the DCP index, direct report route, or ZAP public document route.",zap_project_api_cpc_vote_milestone
C 800571 TCM,certified_ulurp_report,N.Y. BOAT YARD,MN 08,05/20/1981,1981,FALSE,,800571,"The ZAP project API records a completed CPC vote on May 20, 1981 with outcome Approval. The action is absent from the DCP CPC Reports index, and no authentic CPC report is posted at the DCP or ZAP public document routes. Evidence: https://zap-api-production.herokuapp.com/projects/P1980M1182?include=actions,milestones",codex_gpt5_source_review,2026-07-11,0,"No authentic CPC report is posted in the DCP index, direct report route, or ZAP public document route.",zap_project_api_cpc_vote_milestone
C 810457 HDM,certified_ulurp_report,517 W184TH ST,MN 12,09/16/1981,1981,FALSE,,810457,"The ZAP project API records a completed CPC vote on September 16, 1981 with outcome Approval. The action is absent from the DCP CPC Reports index, and no authentic CPC report is posted at the DCP or ZAP public document routes. Evidence: https://zap-api-production.herokuapp.com/projects/P1981M0901?include=actions,milestones",codex_gpt5_source_review,2026-07-11,0,"No authentic CPC report is posted in the DCP index, direct report route, or ZAP public document route.",zap_project_api_cpc_vote_milestone
C 810293 HDX,certified_ulurp_report,"788 FOX ST, 183-866 BECK ST, 1244-46 WESTCHESTER A",BX 02,09/16/1981,1981,FALSE,,810293,"The ZAP project API records a completed CPC vote on September 16, 1981 with outcome Approval. The action is absent from the DCP CPC Reports index, and no authentic CPC report is posted at the DCP or ZAP public document routes. Evidence: https://zap-api-production.herokuapp.com/projects/P1981X0734?include=actions,milestones",codex_gpt5_source_review,2026-07-11,0,"No authentic CPC report is posted in the DCP index, direct report route, or ZAP public document route.",zap_project_api_cpc_vote_milestone
C 810605 ZSM,certified_ulurp_report,REPUBLIC NATIONAL BANK,MN 05,10/13/1981,1981,FALSE,,810605,"The ZAP project API records a completed CPC vote on October 13, 1981 with outcome Approval. The action is absent from the DCP CPC Reports index, and no authentic CPC report is posted at the DCP or ZAP public document routes. Evidence: https://zap-api-production.herokuapp.com/projects/P1981M1035?include=actions,milestones",codex_gpt5_source_review,2026-07-11,0,"No authentic CPC report is posted in the DCP index, direct report route, or ZAP public document route.",zap_project_api_cpc_vote_milestone
C 810614 HDM,certified_ulurp_report,31-33 & 51-53 W129TH ST,MN 10,11/30/1981,1981,FALSE,,810614,"The ZAP project API records a completed CPC vote on November 30, 1981 with outcome Approval. The action is absent from the DCP CPC Reports index, and no authentic CPC report is posted at the DCP or ZAP public document routes. Evidence: https://zap-api-production.herokuapp.com/projects/P1981M1041?include=actions,milestones",codex_gpt5_source_review,2026-07-11,0,"No authentic CPC report is posted in the DCP index, direct report route, or ZAP public document route.",zap_project_api_cpc_vote_milestone
C 820078 MMQ,certified_ulurp_report,41ST ST BETWEEN 246 ST AND 247 ST,QN 11,05/05/1982,1982,FALSE,,820078,"The ZAP project API records a completed CPC vote on May 5, 1982 with outcome Disapproval. The action is absent from the DCP CPC Reports index, and no authentic CPC report is posted at the DCP or ZAP public document routes. Evidence: https://zap-api-production.herokuapp.com/projects/P1982Q0045?include=actions,milestones",codex_gpt5_source_review,2026-07-11,0,"No authentic CPC report is posted in the DCP index, direct report route, or ZAP public document route.",zap_project_api_cpc_vote_milestone
C 830073 PER,certified_ulurp_report,ROCHESTER ST E/S/O BEACONLIGHT PL BARCLAY AVE S/S/,SI 03,10/20/1982,1982,FALSE,,830073,"The ZAP project API records a completed CPC vote on October 20, 1982 with outcome Approval. The action is absent from the DCP CPC Reports index, and no authentic CPC report is posted at the DCP or ZAP public document routes. Evidence: https://zap-api-production.herokuapp.com/projects/P1983R0077?include=actions,milestones",codex_gpt5_source_review,2026-07-11,0,"No authentic CPC report is posted in the DCP index, direct report route, or ZAP public document route.",zap_project_api_cpc_vote_milestone
C 820394 MMQ,certified_ulurp_report,FRANCIS LEWIS BLVD BET CANEY LA & 253 ST,QN 13,01/19/1983,1983,FALSE,,820394,"The ZAP project API records a completed CPC vote on January 19, 1983 with outcome Approval. The action is absent from the DCP CPC Reports index, and no authentic CPC report is posted at the DCP or ZAP public document routes. Evidence: https://zap-api-production.herokuapp.com/projects/P1982Q0359?include=actions,milestones",codex_gpt5_source_review,2026-07-11,0,"No authentic CPC report is posted in the DCP index, direct report route, or ZAP public document route.",zap_project_api_cpc_vote_milestone
C 830500 ZSM,certified_ulurp_report,4&6 E62ND ST,MN 08,03/09/1983,1983,FALSE,,830500,"The ZAP project API records a completed CPC vote on March 9, 1983 with outcome Approval. The action is absent from the DCP CPC Reports index, and no authentic CPC report is posted at the DCP or ZAP public document routes. Evidence: https://zap-api-production.herokuapp.com/projects/P1983M0459?include=actions,milestones",codex_gpt5_source_review,2026-07-11,0,"No authentic CPC report is posted in the DCP index, direct report route, or ZAP public document route.",zap_project_api_cpc_vote_milestone
C 830547 HAM,certified_ulurp_report,139 PITT ST,MN 03,03/09/1983,1983,FALSE,,830547,"The ZAP project API records a completed CPC vote on March 9, 1983 with outcome Approval. The action is absent from the DCP CPC Reports index, and no authentic CPC report is posted at the DCP or ZAP public document routes. Evidence: https://zap-api-production.herokuapp.com/projects/P1983M0505?include=actions,milestones",codex_gpt5_source_review,2026-07-11,0,"No authentic CPC report is posted in the DCP index, direct report route, or ZAP public document route.",zap_project_api_cpc_vote_milestone
C 830488 PSX,certified_ulurp_report,466-472 GRAND CONCOURSE,BX 01,06/01/1983,1983,FALSE,,830488,"The ZAP project API records a completed CPC vote on June 1, 1983 with outcome Approval. The action is absent from the DCP CPC Reports index, and no authentic CPC report is posted at the DCP or ZAP public document routes. Evidence: https://zap-api-production.herokuapp.com/projects/P1983X0447?include=actions,milestones",codex_gpt5_source_review,2026-07-11,0,"No authentic CPC report is posted in the DCP index, direct report route, or ZAP public document route.",zap_project_api_cpc_vote_milestone
C 821044 TCM,certified_ulurp_report,CORNELIA ST CAFE,MN 02,06/27/1983,1983,FALSE,,821044,"The ZAP project API records a completed CPC vote on June 27, 1983 with outcome Approval. The action is absent from the DCP CPC Reports index, and no authentic CPC report is posted at the DCP or ZAP public document routes. Evidence: https://zap-api-production.herokuapp.com/projects/P1982M1375?include=actions,milestones",codex_gpt5_source_review,2026-07-11,0,"No authentic CPC report is posted in the DCP index, direct report route, or ZAP public document route.",zap_project_api_cpc_vote_milestone
C 840098 HAQ,certified_ulurp_report,NORTH CORONA GUT REHAB,QN 03,11/02/1983,1983,FALSE,,840098,"The ZAP project API records a completed CPC vote on November 2, 1983 with outcome Approval. The action is absent from the DCP CPC Reports index, and no authentic CPC report is posted at the DCP or ZAP public document routes. Evidence: https://zap-api-production.herokuapp.com/projects/P1984Q0087?include=actions,milestones",codex_gpt5_source_review,2026-07-11,0,"No authentic CPC report is posted in the DCP index, direct report route, or ZAP public document route.",zap_project_api_cpc_vote_milestone
C 830491 ZSM,certified_ulurp_report,104-110 GREENE ST A/K/A 123-125 MERCER ST,MN 02,11/04/1985,1985,FALSE,,830491,"The ZAP project API records a completed CPC vote on November 4, 1985 with outcome Approval. The action is absent from the DCP CPC Reports index, and no authentic CPC report is posted at the DCP or ZAP public document routes. Evidence: https://zap-api-production.herokuapp.com/projects/P1983M0450?include=actions,milestones",codex_gpt5_source_review,2026-07-11,0,"No authentic CPC report is posted in the DCP index, direct report route, or ZAP public document route.",zap_project_api_cpc_vote_milestone
C 861019 PPK,certified_ulurp_report,1004 RUTLAND RD,BK 17,09/17/1986,1986,FALSE,,861019,"The ZAP project API records a completed CPC vote on September 17, 1986 with outcome Approval. The action is absent from the DCP CPC Reports index, and no authentic CPC report is posted at the DCP or ZAP public document routes. Evidence: https://zap-api-production.herokuapp.com/projects/P1986K0864?include=actions,milestones",codex_gpt5_source_review,2026-07-11,0,"No authentic CPC report is posted in the DCP index, direct report route, or ZAP public document route.",zap_project_api_cpc_vote_milestone
C 870539 PSQ,certified_ulurp_report,NEW YORK BLVD FAMILY RESID CENTER,QN 13,07/13/1987,1987,FALSE,,870539,"The ZAP project API records a completed CPC vote on July 13, 1987 with outcome Approval. The action is absent from the DCP CPC Reports index, and no authentic CPC report is posted at the DCP or ZAP public document routes. Evidence: https://zap-api-production.herokuapp.com/projects/P1987Q0469?include=actions,milestones",codex_gpt5_source_review,2026-07-11,0,"No authentic CPC report is posted in the DCP index, direct report route, or ZAP public document route.",zap_project_api_cpc_vote_milestone
C 860071 MMX,certified_ulurp_report,TIFFANY ST BET GARRISON AVE & BRUCKNER BLVD,BX 02,07/08/1987,1987,FALSE,,860071,"The ZAP project API records a completed CPC vote on July 8, 1987 with outcome Approval. The action is absent from the DCP CPC Reports index, and no authentic CPC report is posted at the DCP or ZAP public document routes. Evidence: https://zap-api-production.herokuapp.com/projects/P1986X0061?include=actions,milestones",codex_gpt5_source_review,2026-07-11,0,"No authentic CPC report is posted in the DCP index, direct report route, or ZAP public document route.",zap_project_api_cpc_vote_milestone
C 870514 MMX,certified_ulurp_report,HALPERIN AVE DEMAPPING,BX 11,02/03/1988,1988,FALSE,,870514,"The ZAP project API records a completed CPC vote on February 3, 1988 with outcome Approval. The action is absent from the DCP CPC Reports index, and no authentic CPC report is posted at the DCP or ZAP public document routes. Evidence: https://zap-api-production.herokuapp.com/projects/P1987X0447?include=actions,milestones",codex_gpt5_source_review,2026-07-11,0,"No authentic CPC report is posted in the DCP index, direct report route, or ZAP public document route.",zap_project_api_cpc_vote_milestone
C 800919 MMQ,certified_ulurp_report,WHITESTONE SHOPPING CENTER,QN 07,06/01/1988,1988,FALSE,,800919,"The ZAP project API records a completed CPC vote on June 1, 1988 with outcome Approval. The action is absent from the DCP CPC Reports index, and no authentic CPC report is posted at the DCP or ZAP public document routes. Evidence: https://zap-api-production.herokuapp.com/projects/P1981Q0319?include=actions,milestones",codex_gpt5_source_review,2026-07-11,0,"No authentic CPC report is posted in the DCP index, direct report route, or ZAP public document route.",zap_project_api_cpc_vote_milestone
C 870546 GFM,certified_ulurp_report,SLOAN-KETTERING INSTITUTE,MN 08,02/03/1988,1988,FALSE,,870546,"The ZAP project API records a completed CPC vote on February 3, 1988 with outcome Approval. The action is absent from the DCP CPC Reports index, and no authentic CPC report is posted at the DCP or ZAP public document routes. Evidence: https://zap-api-production.herokuapp.com/projects/P1987M0476?include=actions,milestones",codex_gpt5_source_review,2026-07-11,0,"No authentic CPC report is posted in the DCP index, direct report route, or ZAP public document route.",zap_project_api_cpc_vote_milestone
C 880347 HUX,certified_ulurp_report,UNIVERSITY HEIGHTS URA,BX 05,03/31/1988,1988,FALSE,,880347,"The ZAP project API records a completed CPC vote on March 31, 1988 with outcome Approval. The action is absent from the DCP CPC Reports index, and no authentic CPC report is posted at the DCP or ZAP public document routes. Evidence: https://zap-api-production.herokuapp.com/projects/P1988X0310?include=actions,milestones",codex_gpt5_source_review,2026-07-11,0,"No authentic CPC report is posted in the DCP index, direct report route, or ZAP public document route.",zap_project_api_cpc_vote_milestone
C 880348 HDX,certified_ulurp_report,UNIVERSITY HEIGHTS URA,BX 05,03/31/1988,1988,FALSE,,880348,"The ZAP project API records a completed CPC vote on March 31, 1988 with outcome Approval. The action is absent from the DCP CPC Reports index, and no authentic CPC report is posted at the DCP or ZAP public document routes. Evidence: https://zap-api-production.herokuapp.com/projects/P1988X0310?include=actions,milestones",codex_gpt5_source_review,2026-07-11,0,"No authentic CPC report is posted in the DCP index, direct report route, or ZAP public document route.",zap_project_api_cpc_vote_milestone
C 870806 AZSX,certified_ulurp_report,SHOREHAVEN,BX 09,02/17/1988,1988,FALSE,,870806,"The ZAP project API records a completed CPC vote on February 17, 1988 with outcome Approval. The action is absent from the DCP CPC Reports index, and no authentic CPC report is posted at the DCP or ZAP public document routes. Evidence: https://zap-api-production.herokuapp.com/projects/P1988X0442?include=actions,milestones",codex_gpt5_source_review,2026-07-11,0,"No authentic CPC report is posted in the DCP index, direct report route, or ZAP public document route.",zap_project_api_cpc_vote_milestone
C 880117 HAM,certified_ulurp_report,CASA VICTORIA,MN 03,05/23/1988,1988,FALSE,,880117,"The ZAP project API records a completed CPC vote on May 23, 1988 with outcome Approval. The action is absent from the DCP CPC Reports index, and no authentic CPC report is posted at the DCP or ZAP public document routes. Evidence: https://zap-api-production.herokuapp.com/projects/P1988M0092?include=actions,milestones",codex_gpt5_source_review,2026-07-11,0,"No authentic CPC report is posted in the DCP index, direct report route, or ZAP public document route.",zap_project_api_cpc_vote_milestone
C 880752 HDQ,certified_ulurp_report,"SOUTH JAMAICA I, SITE 10C",QN 12,10/19/1988,1988,FALSE,,880752,"The ZAP project API records a completed CPC vote on October 19, 1988 with outcome Approval. The action is absent from the DCP CPC Reports index, and no authentic CPC report is posted at the DCP or ZAP public document routes. Evidence: https://zap-api-production.herokuapp.com/projects/P1988Q0688?include=actions,milestones",codex_gpt5_source_review,2026-07-11,0,"No authentic CPC report is posted in the DCP index, direct report route, or ZAP public document route.",zap_project_api_cpc_vote_milestone
C 890686 PPK,certified_ulurp_report,C-O-P,BK 13,07/26/1989,1989,FALSE,,890686,"The ZAP project API records a completed CPC vote on July 26, 1989 with outcome Approval. The action is absent from the DCP CPC Reports index, and no authentic CPC report is posted at the DCP or ZAP public document routes. Evidence: https://zap-api-production.herokuapp.com/projects/P1989K0626?include=actions,milestones",codex_gpt5_source_review,2026-07-11,0,"No authentic CPC report is posted in the DCP index, direct report route, or ZAP public document route.",zap_project_api_cpc_vote_milestone
C 900133 HDM,certified_ulurp_report,602-604 W132ND ST,MN 09,11/29/1989,1989,FALSE,,900133,"The ZAP project API records a completed CPC vote on November 29, 1989 with outcome Approval. The action is absent from the DCP CPC Reports index, and no authentic CPC report is posted at the DCP or ZAP public document routes. Evidence: https://zap-api-production.herokuapp.com/projects/P1990M0087?include=actions,milestones",codex_gpt5_source_review,2026-07-11,0,"No authentic CPC report is posted in the DCP index, direct report route, or ZAP public document route.",zap_project_api_cpc_vote_milestone
C 900023 ZMK,certified_ulurp_report,BRIGHTON-BY-THE-SEA,BK 13,01/22/1990,1990,FALSE,,900023,"The ZAP project API records a completed CPC vote on January 22, 1990 with outcome Fail to Adopt. The action is absent from the DCP CPC Reports index, and no authentic CPC report is posted at the DCP or ZAP public document routes. Evidence: https://zap-api-production.herokuapp.com/projects/P1990K0009?include=actions,milestones",codex_gpt5_source_review,2026-07-11,0,"No authentic CPC report is posted in the DCP index, direct report route, or ZAP public document route.",zap_project_api_cpc_vote_milestone
C 900024 ZSK,certified_ulurp_report,BRIGHTON-BY-THE-SEA,BK 13,01/22/1990,1990,FALSE,,900024,"The ZAP project API records a completed CPC vote on January 22, 1990 with outcome Fail to Adopt. The action is absent from the DCP CPC Reports index, and no authentic CPC report is posted at the DCP or ZAP public document routes. Evidence: https://zap-api-production.herokuapp.com/projects/P1990K0009?include=actions,milestones",codex_gpt5_source_review,2026-07-11,0,"No authentic CPC report is posted in the DCP index, direct report route, or ZAP public document route.",zap_project_api_cpc_vote_milestone
C 900025 ZSK,certified_ulurp_report,BRIGHTON-BY-THE-SEA,BK 13,01/22/1990,1990,FALSE,,900025,"The ZAP project API records a completed CPC vote on January 22, 1990 with outcome Fail to Adopt. The action is absent from the DCP CPC Reports index, and no authentic CPC report is posted at the DCP or ZAP public document routes. Evidence: https://zap-api-production.herokuapp.com/projects/P1990K0009?include=actions,milestones",codex_gpt5_source_review,2026-07-11,0,"No authentic CPC report is posted in the DCP index, direct report route, or ZAP public document route.",zap_project_api_cpc_vote_milestone
C 900135 HDK,certified_ulurp_report,224 LEFFERTS AVE,BK 09,11/29/1989,1989,FALSE,,900135,"The ZAP project API records a completed CPC vote on November 29, 1989 with outcome Approval. The action is absent from the DCP CPC Reports index, and no authentic CPC report is posted at the DCP or ZAP public document routes. Evidence: https://zap-api-production.herokuapp.com/projects/P1990K0089?include=actions,milestones",codex_gpt5_source_review,2026-07-11,0,"No authentic CPC report is posted in the DCP index, direct report route, or ZAP public document route.",zap_project_api_cpc_vote_milestone
C 870233 MMK,certified_ulurp_report,BROOKLYN AVE BRIDGE,BK 17,02/28/1990,1990,FALSE,,870233,"The ZAP project API records a completed CPC vote on February 28, 1990 with outcome Approval. The action is absent from the DCP CPC Reports index, and no authentic CPC report is posted at the DCP or ZAP public document routes. Evidence: https://zap-api-production.herokuapp.com/projects/P1987K0201?include=actions,milestones",codex_gpt5_source_review,2026-07-11,0,"No authentic CPC report is posted in the DCP index, direct report route, or ZAP public document route.",zap_project_api_cpc_vote_milestone
C 870235 MMK,certified_ulurp_report,15TH AVE BRIDGE,BK 11,03/14/1990,1990,FALSE,,870235,"The ZAP project API records a completed CPC vote on March 14, 1990 with outcome Approval. The action is absent from the DCP CPC Reports index, and no authentic CPC report is posted at the DCP or ZAP public document routes. Evidence: https://zap-api-production.herokuapp.com/projects/P1987K0203?include=actions,milestones",codex_gpt5_source_review,2026-07-11,0,"No authentic CPC report is posted in the DCP index, direct report route, or ZAP public document route.",zap_project_api_cpc_vote_milestone
C 900134 HDK,certified_ulurp_report,51 CLIFTON PL,BK 02,02/28/1990,1990,FALSE,,900134,"The ZAP project API records a completed CPC vote on February 28, 1990 with outcome Approval. The action is absent from the DCP CPC Reports index, and no authentic CPC report is posted at the DCP or ZAP public document routes. Evidence: https://zap-api-production.herokuapp.com/projects/P1990K0088?include=actions,milestones",codex_gpt5_source_review,2026-07-11,0,"No authentic CPC report is posted in the DCP index, direct report route, or ZAP public document route.",zap_project_api_cpc_vote_milestone
C 910084 HDM,certified_ulurp_report,TANYA TOWERS II,MN 03,08/14/1991,1991,FALSE,,910084,"The ZAP project API records a completed CPC vote on August 14, 1991 with outcome Approval. The action is absent from the DCP CPC Reports index, and no authentic CPC report is posted at the DCP or ZAP public document routes. Evidence: https://zap-api-production.herokuapp.com/projects/P1991M0070?include=actions,milestones",codex_gpt5_source_review,2026-07-11,0,"No authentic CPC report is posted in the DCP index, direct report route, or ZAP public document route.",zap_project_api_cpc_vote_milestone
C 910405 HDM,certified_ulurp_report,NY FOUNDATION FOR SR CITIZENS,MN 03,08/14/1991,1991,FALSE,,910405,"The ZAP project API records a completed CPC vote on August 14, 1991 with outcome Approval. The action is absent from the DCP CPC Reports index, and no authentic CPC report is posted at the DCP or ZAP public document routes. Evidence: https://zap-api-production.herokuapp.com/projects/P1991M0326?include=actions,milestones",codex_gpt5_source_review,2026-07-11,0,"No authentic CPC report is posted in the DCP index, direct report route, or ZAP public document route.",zap_project_api_cpc_vote_milestone
C 910437 HDX,certified_ulurp_report,MONSIGNOR FIORENTINO APTS,BX 11,08/14/1991,1991,FALSE,,910437,"The ZAP project API records a completed CPC vote on August 14, 1991 with outcome Approval. The action is absent from the DCP CPC Reports index, and no authentic CPC report is posted at the DCP or ZAP public document routes. Evidence: https://zap-api-production.herokuapp.com/projects/P1991X0342?include=actions,milestones",codex_gpt5_source_review,2026-07-11,0,"No authentic CPC report is posted in the DCP index, direct report route, or ZAP public document route.",zap_project_api_cpc_vote_milestone
C 920045 HDK,certified_ulurp_report,DUPONT ST SR HOUSING,BK 01,03/25/1992,1992,FALSE,,920045,"The ZAP project API records a completed CPC vote on March 25, 1992 with outcome Approval. The action is absent from the DCP CPC Reports index, and no authentic CPC report is posted at the DCP or ZAP public document routes. Evidence: https://zap-api-production.herokuapp.com/projects/P1992K0032?include=actions,milestones",codex_gpt5_source_review,2026-07-11,0,"No authentic CPC report is posted in the DCP index, direct report route, or ZAP public document route.",zap_project_api_cpc_vote_milestone
C 910229 PCK,certified_ulurp_report,111 29TH ST A/K/A 820 3RD AVE,BK 07,04/14/1993,1993,FALSE,,910229,"The ZAP project API records a completed CPC vote on April 14, 1993 with outcome Approval. The action is absent from the DCP CPC Reports index, and no authentic CPC report is posted at the DCP or ZAP public document routes. Evidence: https://zap-api-production.herokuapp.com/projects/P1991K0201?include=actions,milestones",codex_gpt5_source_review,2026-07-11,0,"No authentic CPC report is posted in the DCP index, direct report route, or ZAP public document route.",zap_project_api_cpc_vote_milestone
C 920149 ZMX,certified_ulurp_report,CROSSTOWN DINER,BX 10,08/04/1993,1993,FALSE,,920149,"The ZAP project API records a completed CPC vote on August 4, 1993 with outcome Approval. The action is absent from the DCP CPC Reports index, and no authentic CPC report is posted at the DCP or ZAP public document routes. Evidence: https://zap-api-production.herokuapp.com/projects/P1992X0124?include=actions,milestones",codex_gpt5_source_review,2026-07-11,0,"No authentic CPC report is posted in the DCP index, direct report route, or ZAP public document route.",zap_project_api_cpc_vote_milestone
C 910513 ZMQ,certified_ulurp_report,PHILIPS FUNERAL HOME,QN 12,08/10/1994,1994,FALSE,,910513,"The ZAP project API records a completed CPC vote on August 10, 1994 with outcome Approval. The action is absent from the DCP CPC Reports index, and no authentic CPC report is posted at the DCP or ZAP public document routes. Evidence: https://zap-api-production.herokuapp.com/projects/P1991Q0399?include=actions,milestones",codex_gpt5_source_review,2026-07-11,0,"No authentic CPC report is posted in the DCP index, direct report route, or ZAP public document route.",zap_project_api_cpc_vote_milestone
C 940369 ZSQ,certified_ulurp_report,WATERFRONT CRAB HOUSE,QN 02,11/16/1994,1994,FALSE,,940369,"The ZAP project API records a completed CPC vote on November 16, 1994 with outcome Approval. The action is absent from the DCP CPC Reports index, and no authentic CPC report is posted at the DCP or ZAP public document routes. Evidence: https://zap-api-production.herokuapp.com/projects/P1994Q0279?include=actions,milestones",codex_gpt5_source_review,2026-07-11,0,"No authentic CPC report is posted in the DCP index, direct report route, or ZAP public document route.",zap_project_api_cpc_vote_milestone
C 950441 HAM,certified_ulurp_report,PROJECT LINKAGE,MN 11,09/23/1995,1995,FALSE,,950441,"The ZAP project API records a completed CPC vote on September 23, 1995 with outcome Approval. The action is absent from the DCP CPC Reports index, and no authentic CPC report is posted at the DCP or ZAP public document routes. Evidence: https://zap-api-production.herokuapp.com/projects/P1995M0295?include=actions,milestones",codex_gpt5_source_review,2026-07-11,0,"No authentic CPC report is posted in the DCP index, direct report route, or ZAP public document route.",zap_project_api_cpc_vote_milestone
C 950187 DMM,certified_ulurp_report,C-O-P (6 PARCELS),MN 06,12/13/1995,1995,FALSE,,950187,"The ZAP project API records a completed CPC vote on December 13, 1995 with outcome Approval. The action is absent from the DCP CPC Reports index, and no authentic CPC report is posted at the DCP or ZAP public document routes. Evidence: https://zap-api-production.herokuapp.com/projects/P1995M0137?include=actions,milestones",codex_gpt5_source_review,2026-07-11,0,"No authentic CPC report is posted in the DCP index, direct report route, or ZAP public document route.",zap_project_api_cpc_vote_milestone
C 950196 DMR,certified_ulurp_report,C-O-P (1 PARCEL),SI 03,11/01/1995,1995,FALSE,,950196,"The ZAP project API records a completed CPC vote on November 1, 1995 with outcome Approval. The action is absent from the DCP CPC Reports index, and no authentic CPC report is posted at the DCP or ZAP public document routes. Evidence: https://zap-api-production.herokuapp.com/projects/P1995R0145?include=actions,milestones",codex_gpt5_source_review,2026-07-11,0,"No authentic CPC report is posted in the DCP index, direct report route, or ZAP public document route.",zap_project_api_cpc_vote_milestone
C 940720 PCQ,certified_ulurp_report,DOH GARAGE,QN 02,01/31/1996,1996,FALSE,,940720,"The ZAP project API records a completed CPC vote on January 31, 1996 with outcome Approval. The action is absent from the DCP CPC Reports index, and no authentic CPC report is posted at the DCP or ZAP public document routes. Evidence: https://zap-api-production.herokuapp.com/projects/P1994Q0510?include=actions,milestones",codex_gpt5_source_review,2026-07-11,0,"No authentic CPC report is posted in the DCP index, direct report route, or ZAP public document route.",zap_project_api_cpc_vote_milestone
C 960413 DMM,certified_ulurp_report,C-O-P,MN 11,08/21/1996,1996,FALSE,,960413,"The ZAP project API records a completed CPC vote on August 21, 1996 with outcome Approval. The action is absent from the DCP CPC Reports index, and no authentic CPC report is posted at the DCP or ZAP public document routes. Evidence: https://zap-api-production.herokuapp.com/projects/P1996M0272?include=actions,milestones",codex_gpt5_source_review,2026-07-11,0,"No authentic CPC report is posted in the DCP index, direct report route, or ZAP public document route.",zap_project_api_cpc_vote_milestone
C 990488 ZSM,certified_ulurp_report,HUDSON SQUARE BUILDING,MN 01,07/26/2000,2000,FALSE,,990488,"The ZAP project API records a completed CPC vote on July 26, 2000 with outcome Approval. The action is absent from the DCP CPC Reports index, and no authentic CPC report is posted at the DCP or ZAP public document routes. Evidence: https://zap-api-production.herokuapp.com/projects/P1999M0289?include=actions,milestones",codex_gpt5_source_review,2026-07-11,0,"No authentic CPC report is posted in the DCP index, direct report route, or ZAP public document route.",zap_project_api_cpc_vote_milestone
C 990719 ZMK,certified_ulurp_report,FLATLANDS SHOPRITE,BK 18,01/08/2001,2001,FALSE,,990719,"The ZAP project API records a completed CPC vote on January 8, 2001 with outcome Fail to Adopt. The action is absent from the DCP CPC Reports index, and no authentic CPC report is posted at the DCP or ZAP public document routes. Evidence: https://zap-api-production.herokuapp.com/projects/P1999K0430?include=actions,milestones",codex_gpt5_source_review,2026-07-11,0,"No authentic CPC report is posted in the DCP index, direct report route, or ZAP public document route.",zap_project_api_cpc_vote_milestone
C 990720 MMK,certified_ulurp_report,FLATLANDS SHOPRITE,BK 18,01/08/2001,2001,FALSE,,990720,"The ZAP project API records a completed CPC vote on January 8, 2001 with outcome Fail to Adopt. The action is absent from the DCP CPC Reports index, and no authentic CPC report is posted at the DCP or ZAP public document routes. Evidence: https://zap-api-production.herokuapp.com/projects/P1999K0430?include=actions,milestones",codex_gpt5_source_review,2026-07-11,0,"No authentic CPC report is posted in the DCP index, direct report route, or ZAP public document route.",zap_project_api_cpc_vote_milestone
C 000680 PPQ,certified_ulurp_report,C-O-P,QN 02,12/13/2000,2000,FALSE,,000680,"The ZAP project API records a completed CPC vote on December 13, 2000 with outcome Approval. The action is absent from the DCP CPC Reports index, and no authentic CPC report is posted at the DCP or ZAP public document routes. Evidence: https://zap-api-production.herokuapp.com/projects/P2000Q0393?include=actions,milestones",codex_gpt5_source_review,2026-07-11,0,"No authentic CPC report is posted in the DCP index, direct report route, or ZAP public document route.",zap_project_api_cpc_vote_milestone
C 000663 PPX,certified_ulurp_report,C-O-P/BRUSH AVE II SITE,BX 10,12/27/2000,2000,FALSE,,000663,"The ZAP project API records a completed CPC vote on December 27, 2000 with outcome Approval. The action is absent from the DCP CPC Reports index, and no authentic CPC report is posted at the DCP or ZAP public document routes. Evidence: https://zap-api-production.herokuapp.com/projects/P2000X0377?include=actions,milestones",codex_gpt5_source_review,2026-07-11,0,"No authentic CPC report is posted in the DCP index, direct report route, or ZAP public document route.",zap_project_api_cpc_vote_milestone
C 120039 ZSM,certified_ulurp_report,70 GREENE STREET,MN 02,01/04/2012,2012,FALSE,,120039,"The ZAP project API records a completed CPC vote on January 4, 2012 with outcome Approval. The action is absent from the DCP CPC Reports index, and no authentic CPC report is posted at the DCP or ZAP public document routes. Evidence: https://zap-api-production.herokuapp.com/projects/P2012M0018?include=actions,milestones",codex_gpt5_source_review,2026-07-11,0,"No authentic CPC report is posted in the DCP index, direct report route, or ZAP public document route.",zap_project_api_cpc_vote_milestone
C 950019 PQK,certified_ulurp_report,DOS Brooklyn E 9 Garage,BK 09,10/16/1995,1995,FALSE,,950019,"The official CPC disposition sheet records that the Commission failed to adopt the favorable report on October 16, 1995. The application is absent from the DCP CPC Reports index, and no authentic CPC report is posted. Evidence: https://s-media.nyc.gov/agencies/dcp/assets/files/pdf/about/commission/public-meetings/1995-10-16sm.pdf",codex_gpt5_source_review,2026-07-11,0,The Commission failed to adopt the favorable report; no authentic CPC report is posted in the DCP index or public document routes.,official_cpc_disposition_failed_to_adopt
