certified_application_number,companion_application_number,resolved_pdf_url,certified_source_text_sha256,relationship_reason,review_date
C 780265 MMM,N 780405 ZRM,https://www.nyc.gov/assets/planning/download/pdf/about/cpc/780405.pdf,faa0451b89065d55e1bbb5dfbab51b6e9f0ea3f6d1d159e166db8193944f9946,"explicit_project_narrative_referral: earing was duly held on December 13-,. 1978: (cal_ No.. 21) There were a. number- of appearances in favor- of and opposed to the project-. For- a full description of the hearing,, reference is hereby made- to the Commission's report N 780405 ZRM.. The hearing was closed.. The City Planning Commission feels: that the retention of Pine Street as. a, public: pedestrian street excessible at all times,. preserves the rights of the public and"" provides. for adequate and, safe- pedestrian- circulation,., both present and that to. be- generated by",2026-09-14
C 801025 ZMM,N 801024 ZRM,https://www.nyc.gov/assets/planning/download/pdf/about/cpc/801024.pdf,d23b5d1d4dd64afb67c81c997be87c1944e3c94763697279acfa393237fb2414,"explicit_project_narrative_referral: The hearing was duly held on June 3, 1981 (Cal. #47). There were 4 appearances in favor and the hearing was closed. Implementation of this amendment of the zoning map requires favorable action by the City Planning Commission and the Board of Estimate on N801024ZRM, an amendment of the Zoning Resolution establishing the Special Manhattan Bridge District which is the subject of a separate report. A complete discussion of the Commission's action is set forth in the related reports N801024ZRM and C810060ZSM. The City Planning Commission therefore considers t",2026-09-14
C 800826 ZMR,N 800985 ZRR,https://www.nyc.gov/assets/planning/download/pdf/about/cpc/800985.pdf,b134b5fb9904788efd492ea979a9c79e22bd1a787d71388455024dbee5a3a9ff,"explicit_project_narrative_referral: t of retail space. Since the shopping area consists of 35 small stores it is considered local in nature and will not require as great a parking area. A more detailed review of the proposed development is contained in the related report, N800985ZRR, dealing with modification of the Designated Open Space Boundary. The City Planning Commission therefore considers the proposed rezoning appropriate and adopted the following resolution on August 24, 1981 (Cal. # 7 ) which is herewith filed with the Secretary of the Board of Estimate, in accordance wi",2026-09-14
C 810248 ZSK,N 820033 ZRY,https://www.nyc.gov/assets/planning/download/pdf/about/cpc/820033.pdf,af7dc00473d6f4f1e288d44b907a01f3bd32d4a573655f1d5c89c2546dc6fe50,"explicit_related_action_details_referral: C810248ZSK While the Housing Quality legislation was primarily intended for elevator-type structures, these buildings were able to qualify under this program with some minor modifications to the text, as described in the related report, N820033ZRY. A more detailed description of the housing itself is contained in the related report dealing with the plan and project C810239HPK. The Commission hereby makes the following findings pursuant to Section 74-95 of the Zoning Resolution: That the de relopoir ni results in superior ur-",2026-09-14
C 800983A MMM,N 810412 ZRM,https://www.nyc.gov/assets/planning/download/pdf/about/cpc/810412.pdf,39bf0b9bd90ea4493a3f8c684b2fb3242a3830d9630517c30df0a998af7fab0d,"explicit_project_narrative_referral: necessary for the intended development of this largely vacant tract. In addition to the subject application for a change in the City Map, the Commission is currently processing the following related zoning-action: N 810412 ZRM: Proposed zoning text change amending the existing Special Battery Park City District. ( Reference is made to this report for further background information concerninp the Battery Park City development.) The 92-acre Battery Park City landfill (the result of",2026-09-22
C 800984 ZMQ,N 810538 ZRQ,https://www.nyc.gov/assets/planning/download/pdf/about/cpc/810538.pdf,9bb2043e956a568b05f2357e2fa413236a3c0601a12a499a4a5dfca405f067f6,"explicit_project_narrative_referral: facturing and commercial uses can provide jobs, retail stores,and services for the residents and the residents in turn will provide a limited sense of security in the evenings. A more detailed review of the proposed special district is contained in the related report, N810538ZRQ. The City Planning Commission therefore con§iders the proposed rezoning appropriate and adopted the following resolution on October 26, 1981 (Cal. #3 ) which is herewith filed with the Secretary of the Board of Estimate, in accordance with the requirements of Sections 197-c and 200 of the Charter. RESOLVED, b",2026-09-14
C 820215 ZMM,N 820188 ZRM,https://www.nyc.gov/assets/planning/download/pdf/about/cpc/820188.pdf,92e83991ec3c03cf9394a7d55f25ee709ce578450f4fc5e6f58b0ea655474bfd,"explicit_project_narrative_referral: curb level of 60 feet, which is the level to which most of the existing buildings in the area are built. The background and a more detailed analysis of the consideration for approving the proposed mapping is described in the related report for the zoning text change, N820188ZRM. The City Planning Commission, therefore, considers the proposed re- zoning appropriate and adopted the following resolution on January 22, 1982 Cal. No. 2 ) which is herewith filed with the Secretary of the Board of Estimate, in accordance with the requirements of Sections 197-c and 200 of the Charter. RESOLVED, by t",2026-09-14
C 820214 ZMM,N 820253 ZRM,https://www.nyc.gov/assets/planning/download/pdf/about/cpc/820253.pdf,5f8910393c04556d6f73e8c4c601fa4bf39cc719332f7d5a3778799e6dd6ee72,"explicit_project_narrative_referral: summary of the arguments presented at the public hearings, an analysis of the issues and consideration, and the reasons for approving the proposal as finally adopted, are all set forth in the related report on the amendment of the Zoning Resolution (N820253ZRM). The City Planning Commission therefore considers the proposed rezoning appropriate and adopted the following resolution on March 16, 1982 (Cal. #2) which is herewith filed with the Secretary of the Board of Estimate, in accordance with the requirements of Sections 197-c and 200 of the Charter. 2",2026-09-14
C 830111 ZMM,N 830113 ZRM,https://www.nyc.gov/assets/planning/download/pdf/about/cpc/830113.pdf,a7ff111ecc958b3bf3609ed960fb19b1296bad34b9a4d56bcb74e86e728bd271,"explicit_project_narrative_referral: sed. A summary of the arguments presented at the public hearing, an analysis of the issues and consideration, and the reasons for approving the proposal as finally adopted are all set forth in the related report on the amendment of the Zoning Resolution (N 830113 ZRM). 2 C 830111 ZMM N; 1 The City Planning Commission therefore considers the proposed rezoning appropriate and adopted the following resolution on February 2, 1983 (Cal. #52) which is herewith filed with the Secretary of the Boa",2026-09-14
C 830529 ZMM,N 830530 ZRM,https://www.nyc.gov/assets/planning/download/pdf/about/cpc/830530.pdf,23469a48058da1669f2659fd89e5303118e2398059aa128becb65fdf4030f425,"explicit_project_narrative_referral: On May 11, 1983 (Calendar No. 30), the Commission scheduled a PbBlIC HEARING on the proposed amendment. The hearing was duly held on June 1, 198:3 (Calendar No. 48), in conjunction with the related hearing on the zoning text change (N 830530 ZRM). There were no appearances, and the hearing was closed. An analysis of theissues and consideration, and the reasons for approvino the proposal as finally adopted are all set forth in the related report on the zoning text change (N 830530 ZRM). This zoning map change from a",2026-09-14
C 850113 ZMK,N 850114 ZRK,https://www.nyc.gov/assets/planning/download/pdf/about/cpc/850114.pdf,da52bd632abacd3ccf5945ed8824846b9b354da3acb7320f202b4753ac778ab0,"explicit_related_action_details_referral: dure. A Final Environmental Impact Statement (F.E.I.S.) was issued on November 15, 1985. A discussion of the Environ- mental issues may be found in the related Commission report on the zoning text change. (N 850114ZRK). UNIFORM LAND USE REVIEW PROCEDURE The application was certified as complete by the City Planning Commission on September 9, 1985 in accordance with Article 3 of the Uniform Land Use Review Pro- cedure (U.L.U.R.P.) and referred to Brooklyn Community Board 2 together with the tex",2026-09-14
C 870003 ZMR,N 870002 ZRR,https://www.nyc.gov/assets/planning/download/pdf/about/cpc/870002.pdf,516f5ace2499fdd90dbaa9345d1c399c8645c84fa09adfed6a1617903360a8ee,"explicit_project_narrative_referral: specifically described in the concurrent zoning text amendment (C870003ZRR) report. City Planning Commission Public Hearing On May 6, 1987 (Calendar No. 3) the City Planning Commission scheduled May 20, 1987 for a public hearing on the proposed amendment of the zoning text (N870002ZRR), Calendar No. 5, and on the related zoning map amendment (C870003ZMR), Calendar No. 4 and the hearing was closed. The public hearing testimony is summarized within the related zoning text amendment (N870002ZRR) report. Consideration A detailed discussion of the consideration for this action is contained in the related Commission z",2026-09-14
C 880330 ZMM,N 880331A ZRM,https://www.nyc.gov/assets/planning/download/pdf/about/cpc/880331a.pdf,039e1653da6b2644ec91597b1bcb71dbc33a3cb6fb0d37b0368450d352936d30,explicit_project_narrative_referral: City Planning seeking amendments to the Zoning Resolution relating to various sections of the Special Midtown District. Application N880331(A) ZRM was preceded by application N880331 ZRM. BACKGROUND A complete discussion of the zoning map amendment is set forth in the report on the related action (N 880331(A) ZRM). 3,2026-09-14
C 950180 PQM,N 950171 ZRM,https://www.nyc.gov/assets/planning/download/pdf/about/cpc/950171.pdf,69c8548beaccb53054ca43d2cc03d9e09682f1b35a153069dfd35fcec0f9c044,"explicit_related_action_details_referral: l Battery Park City District regulations because it would exceed the allowable floor area ratio and street wall requirements. In conjunction with this application, BPCA has filed a related application (N 950171 ZRM) for a zoning text amendment to modify the Special Battery Park City District and the development would then comply with the new Battery Park City District regulations. ,A more detailed explanation of the text amendment is found in the report on the related item (N 950171 ZRM). ENVIRONMENTAL REVIEW",2026-09-14
C 980272 ZMM,N 980271 ZRM,https://www.nyc.gov/assets/planning/download/pdf/about/cpc/980271.pdf,c3084f449a4cf3cf6367bd36dbbea9a09dda653f7586b6771af3582143824e49,"explicit_project_narrative_referral: zoning map amendment which is the subject of this report, extends the Special Midtown Boundary District to the west side of Eighth Avenue to overlap a portion of the Perimeter Area of the Special Clinton District, in order to implement the changes in the related text amendment (N 980271 ZRM). A full background discussion and description of the Department's proposal appears in the report on the related application for an amendment of the Zoning Text (N 980271 ZRM). ENVIRONMENTAL REVIEW This application (C 980272 ZMM), in conjunction with the application for the related action (980271 ZRM), was reviewed pursuant to the New York Sta",2026-09-14
C 980315 ZMM,N 980314 ZRM,https://www.nyc.gov/assets/planning/download/pdf/about/cpc/980314.pdf,07786f3e6cd887a248769e678c100b12d7b4feea20930bc66ca1e91b68ac3e69,"explicit_project_narrative_referral: 0316 HUM The eighth amendment to the Brooklyn Bridge Southeast Urban Renewal Plan. BACKGROUND A full background discussion and description of this project appears in the report on the related application for an amendment of the Zoning Resolution (N 980314 ZRM). SPECIAL DISTRICTS The area proposed for the new Special Lower Manhattan District (LMD), which would be mapped as part of this action, contains within it the Special Manhattan Landing Development District (MLD), the Special Greenwich Street Development District (G) and the Special South Street Seaport District. The MLD and the G districts, as",2026-09-14
C 010652 ZMM,N 010653 ZRM,https://www.nyc.gov/assets/planning/download/pdf/about/cpc/010653.pdf,91acc1cd07d8d8a3549f91f4c9c112d997a27416ef806fd600f94693674a3818,"explicit_project_narrative_referral: dtown District for a depth of 200 feet from Seventh Avenue.) The proposed rezoning would facilitate the establishment of the Penn Center Subdistrict. A detailed discussion of the purpose of this an related action is included in the report of the proposed zoning text amendment (N 010653 ZRM). ENVIRONMENTAL REVIEW This application (C 010652 ZMM), in conjunction with the related application (N 010653 ZRM, N 010654 ZCM), was reviewed pursuant to the New York State Environmental Quality Review Act (SEQRA), and the SEQRA regulations set forth in Volume 6 of the New York Code of Rules and Regulations, Section 617.00 et se_q. and the New",2026-09-14
C 060061 ZMR,N 060066 ZRR,https://www.nyc.gov/assets/planning/download/pdf/about/cpc/060066.pdf,79a78b16756a9941e75602997b3d95d2300efa57a5f35227955b739d981780e0,"explicit_related_action_details_referral: epartment. The proposed zoning changes, in conjunction with the proposed text changes would better reflect the existing context of these areas and would preclude out of scale development. A detailed description of the text changes is found in the report of the related action (N 060066 ZRR). The six-block proposed rezoning area on Castleton Avenue is located between Dongan Street and Alaska Avenue and is zoned C4-2. The C4-2 district is located primarily on the frontage of Castleton Avenue. The existing built context of this portion of Castleton Avenue is predominantly one-and two-story mixed-use buildings built to the street",2026-09-14
C 130190 ZMM,N 130189A ZRM,https://www.nyc.gov/assets/planning/download/pdf/about/cpc/130189a.pdf,167c2d9ae2c533f686b9b76af3f01aa700e2296502de82d267ea0d9169e91b0f,"explicit_project_narrative_referral: ACTIONS In addition to the zoning map amendment (C 130190 ZMM), which is the subject of this report, implementation of the proposal also requires action by the City Planning Commission on the following application, which is being considered concurrently with this application: N 130189(A) ZRM Amendment to the Zoning Resolution creating the Special Governors Island District, and amending related sections of the Zoning Resolution BACKGROUND A full background discussion and description of this application appears in the related report for a zoning text amendment application (N 130189(A) ZRM). ENVIRONMENTA",2026-09-22
C 150203 MMM,N 150267 ZRM,https://www.nyc.gov/assets/planning/download/pdf/about/cpc/150267.pdf,287e4473e4b13d09da2f1d999ec2d6a17ae753ef525f80c590a1faaf741723cc,"explicit_project_narrative_referral: nces Large Scale General Development to be mapped as a park and conveyed to the City of New York. BACKGROUND A full background discussion and description of this application appears in the related report for a zoning text amendment (N 150267 ZRM). ENVIRONMENTAL REVIEW This application (C 150203 MMM) was determined by the New York City Department of Parks and Recreation, as lead agency for this action, to be Type II pursuant to Section 5-05(c)(9) of the Rules of the City of New York and Section 617.5(b) of the New York State Environmental Quality Review Act (SEQRA). The application for",2026-09-22
