source_document_id,application_number,first_page,last_page,scope,source_text_sha256,reviewer,reason
5234f33b1a4d555ea125,C 920197 PPQ,5,6,in_scope,c3dc79b67b044d47381d5c846642a732cd8afb26063b2c3368b4a23316f596e4,Codex source review with Sol-medium reader; not a human coding adjudication,Queens BP and CB3 recommendations identify application 920197 and the same two Queens parcels.
5234f33b1a4d555ea125,C 920197 PPQ,7,11,out_of_scope,c3dc79b67b044d47381d5c846642a732cd8afb26063b2c3368b4a23316f596e4,Codex source review with Sol-medium reader; not a human coding adjudication,"New Manhattan BP testimony blocks concern the former Library for the Blind/Holland Tunnel, 109 Prince Street, and Avenue D; continuation pages belong to those separate applications."
26f03d0909c6323e9605,C 990218 ZSK,21,76,in_scope,f6ef3b39575a07ea97e94f663b8ee4b50ae5c606373332462ca1d951c1e6a67a,Codex source review with Sol-medium reader; not a human coding adjudication,"CB10 recommendation and continuation report identify 40 Bay Ridge Avenue/Senior Quarters. The docket on page 21 is OCR-corrupted; project identity is established on pages 23 and 33. OCR source recheck 2026-09-22: changed pages visually checked against the PDF: a site map, a short committee continuation, and photographs; same application scope. Photograph OCR is noisy."
26f03d0909c6323e9605,C 990218 ZSK,77,89,in_scope,f6ef3b39575a07ea97e94f663b8ee4b50ae5c606373332462ca1d951c1e6a67a,Codex source review with Sol-medium reader; not a human coding adjudication,"Brooklyn BP report and applicant letter concern the same Bay Ridge project; page 78 explicitly identifies 990218 ZSK. Last pages are low-text but retained with this document block. OCR source recheck 2026-09-22: changed pages visually checked against the PDF: a site map, a short committee continuation, and photographs; same application scope. Photograph OCR is noisy."
4fa9fb4f2fb26acfa73a,C 910238 ZMK,9,9,in_scope,69fe83ff2d77819dce0eb719b99e3bd2d0ac89d4a1e7864c60cf317f16284b52,Codex source review with Sol-medium reader; not a human coding adjudication,Closing Brownsville zoning-map diagram identifies the focal docket with OCR Z-to-2 corruption; related mapping action and geography match.
4f314ba7899c585e2ccd,C 910170 HUK,8,13,in_scope,10a923188ab5f73b551ae2d9ec9870b159fb3de81c4dad48ec2adfa5b8227a6c,Codex source review with Sol-medium reader; not a human coding adjudication,"CB and BP forms and the Fifth Amendment BP report explicitly identify related Brownsville actions 910170 HUK, 910171 HDK, 910237 MMK and 910238 ZMK; final pages continue that report."
9b7d8737d31ff2a1eaf0,C 910237 MMK,15,19,in_scope,bf49f305f23b6e8e584c1dbe1ba4be1f02d3d53b35e91875af92fca51ee7e66b,Codex source review with Sol-medium reader; not a human coding adjudication,CB form and continuation identify 910237 MMK; BP form and report identify the four-action Brownsville bundle. Unreadable page 14 remains unresolved. OCR source recheck 2026-09-22: reviewed pages are byte-identical; recovered text is outside this reviewed range.
67edf27e744fedae6cf1,C 910119 HUK,13,23,in_scope,28566623bf99453d793e6600cd07e22c483117d05a7bc5eb4f02ef56f689e820,Codex source review with Sol-medium reader; not a human coding adjudication,"CB form identifies 910119 HUK; BP form and report cover explicitly related East New York I actions 900513 HDK, 900511 MMK, 910119 HUK and 900512 ZMK. OCR source recheck 2026-09-22: changed final page continues the same Brooklyn Borough President recommendation, including industrial-use, development-timetable, and site-cleanup conditions; same application scope."
67edf27e744fedae6cf1,C 910119 HUK,24,27,out_of_scope,28566623bf99453d793e6600cd07e22c483117d05a7bc5eb4f02ef56f689e820,Codex source review with Sol-medium reader; not a human coding adjudication,"New concurring statement explicitly concerns the separate Saratoga Square Urban Renewal Project, ACORN negotiations and Bedford-Stuyvesant design issues. OCR source recheck 2026-09-22: reviewed pages are byte-identical; recovered text is outside this reviewed range."
9c2b40562372bd57c7eb,C 920049 HDK,8,14,in_scope,9c3c9a4aa1597a912598961cf239317d63ea13899a368e7340dc0f4d17a292b8,Codex source review with Sol-medium reader; not a human coding adjudication,CB/BP forms and Martin Luther Court Senior Housing report identify 920049 HDK and 910119 HUK; pages 11-14 continue it and retain Councilmember Wooten opposition.
1972323ff7832de10b4c,C 900513 HDK,7,15,in_scope,ba1a344b5867650f724dc21ee33df7a9476df7a45b9fbbf07611ad32b5b08c9c,Codex source review with Sol-medium reader; not a human coding adjudication,"CB/BP forms and attached East New York I recommendation report list the four related dockets. OCR source recheck 2026-09-22: changed final page continues the same Brooklyn Borough President recommendation, including industrial-use, development-timetable, and site-cleanup conditions; same application scope."
de2d4abf09a12092ed47,C 900511 MMK,7,16,in_scope,5e11b08a84e4196d13ef4b621e4ce6bafc6c40ebb61e287d3959184955362515,Codex source review with Sol-medium reader; not a human coding adjudication,"Closing map, CB/BP forms and East New York I recommendation report concern the same four explicitly related actions. OCR source recheck 2026-09-22: changed final page continues the same Brooklyn Borough President recommendation, including industrial-use, development-timetable, and site-cleanup conditions; same application scope."
253e78cecd2e48612362,C 900512 ZMK,13,21,in_scope,7ac017945a381e966fbf2ba3e04e8e0ea06690b353b790cac73b7f57161b104b,Codex source review with Sol-medium reader; not a human coding adjudication,"CB/BP forms and explicitly titled East New York I related-action recommendation report identify the same project. OCR source recheck 2026-09-22: changed final page continues the same Brooklyn Borough President recommendation, including industrial-use, development-timetable, and site-cleanup conditions; same application scope."
b6a2ecdd4db3af500b69,C 160064 ZMX,8,11,in_scope,c6d7382eeaa007cdf667fa721886c4603da258b937bcece9d507ef5f9a07ff33,"Codex attachment source review, 2026-09-22; not a human coding adjudication",CB7 form and Bronx Borough President recommendation identify C160064 ZMX and 3276 Jerome Avenue. PDF page 8 was visually checked; pages 8-11 were read after OCR. The copyright-like symbol before the docket is an OCR error; the example docket in form instructions is not another application.
02c18c0a3b85fce07355,C 170452 ZSM,13,21,in_scope,eb1b5dc386eacfc2bd4c8e0e48856c555f8e0bd6ba59b252d08d92541cb332d5,"Codex attachment source review, 2026-09-22; not a human coding adjudication","CB8 letter, its copied-recipient continuation, recommendation forms, and five-page Manhattan BP recommendation all identify C170452 ZSM and 19 East 72nd Street. PDF page 13 was visually checked; the full OCR of pages 13-21 was read. Discussion of the earlier landmarks application is background within this same-project recommendation, not a foreign attachment. Copied officials do not by themselves establish substantive involvement."
1818edbd692337c3eeeb,C 180085 ZMQ,12,18,in_scope,6ba8698856ae69cd0caf2054421bbdb8970dc78a9c1c4e99a933b590c877c1a0,"Codex attachment source review, 2026-09-22; not a human coding adjudication","Project zoning map, Queens CB1 letter and BP recommendations identify the Variety Boys and Girls Club rezoning, C180085 ZMQ, and explicitly paired MIH action N180086 ZRQ. PDF pages 12-13 were visually checked; OCR pages 12-18 were read. The companion recommendation explicitly cross-references the focal rezoning; neither vote should be substituted for the other application vote."
c27f7af95a119ee12e69,C 190403 ZMX,38,52,in_scope,8e111eeeb90f03cfb56e76cd738dc6491d5524962e4c5c399aac6212aeb4b08d,"Codex attachment source review, 2026-09-22; not a human coding adjudication","CB8 form and continuous CB8/Bronx BP recommendations identify C190403 ZMX and the Staten Island/Bronx Special Districts update. PDF page 38 was visually checked. OCR page 38 misreads the application as C490403, but pages 39 and 44 and the project identity establish the correct application. Staten Island withdrawal and the borough-jail comparison are discussion within this recommendation, not separate attachments."
