project_id,project_name,adoption_year,borocd,scale,note
P2001Q0309,Special Long Island City Mixed Use District,2001,401,large,Queens Plaza/Court Square M1 to M1/R9-R10 mixed use; ZAP lists Q01 and Q02
P2004K0140,Downtown Brooklyn Development,2004,302,large,Special Downtown Brooklyn District high-density C5/C6 upzoning
P2004Q0204,Hunters Point Subdistrict,2004,402,large,Hunters Point M1 to mixed-use residential
P2005K0184,Greenpoint-Williamsburg,2005,301,large,Waterfront and upland M zones to R6-R8 with inclusionary bonus
P2005M0053,Hudson Yards,2005,104,large,Far West Midtown high-density commercial and residential; ZAP lists M04 and M05
P2005M0252,West Chelsea/High Line,2005,104,large,West Chelsea M1 to C6 residential with High Line transfer
P2007Q0234,The Jamaica Plan,2007,412,large,Downtown Jamaica upzoning with contextual changes on residential blocks; ZAP lists Q08 and Q12
P2008Q0279,Hunters Point South,2008,402,large,City land disposition and rezoning for about 5000 units
P2008Q0317,Dutch Kills,2008,401,large,M1 to M1/R5D-R7X mixed use
P2009M0012,125th Street Corridor,2008,110,large,125th Street core subdistrict; broader rezoning spans M09-M11
P2009K0264,Coney Island Comprehensive Plan,2009,313,large,Amusement area and surrounding blocks rezoned for residential towers
P2009X0199,Lower Concourse,2009,201,large,Mott Haven M zones to R7-R8 mixed use
P2003M0277,East Harlem Rezoning,2003,111,moderate,Avenue corridors raised to R7A-R8A with some contextual limits
P2003M0369,Frederick Douglass Boulevard,2003,110,moderate,R7-2/R8 replaced with R7A-R9A contextual districts; ZAP lists M09 and M10
P2007M0351,Special Manhattanville District,2007,109,moderate,Mostly academic campus; M zones to C6-1/R8
P2004M0257,Ladies Mile,2004,105,moderate,M1-6 to C6-4A permitting residential as of right
P2003X0287,Morrisania,2003,203,moderate,M1-1 to MX R7-2/M1-1
P2005X0083,Port Morris/Bruckner Boulevard,2005,201,moderate,M zones to MX mixed use
P2009K0209,DUMBO,2009,302,moderate,M1-2/M3-1 to M1-4/R7A-R8A mixed use
P2006R0234,New Stapleton Waterfront,2006,501,moderate,Former Navy homeport redevelopment
P2003K0253,Park Slope,2003,306,moderate,Fourth Avenue R6 to R8A with contextual downzoning of brownstone blocks
P2006K0070,South Park Slope,2005,307,moderate,Fourth Avenue upzoning with contextual downzoning of side streets
P2009M0002,East Village/Lower East Side,2008,103,moderate,Avenue and Houston/Delancey upzonings with inclusionary bonus; side streets downzoned
