document_id,application_number,year,pages,flagged,human_tallies,pre1990,sample_cell,rank,status_snapshot_sha256,reading_notes
137edb9fa9a6c73911bd,C 870708 ZMX,1987,12,1,1,1,flagged_pre1990_human,00db6b98c327c5c9d4f861ee044c7885acf907093e5ba6c532bdfe0cb410b75a,212524e74a68f4f52d5575293d6711b2b8de03e7d9e767a343311306e56d64ec,"Part 1: Read all 12 segments, including C 870510 PSX companion. No recommendation attachments or hearing speakers are supplied. Zoning report refers to a board recommendation summary in companion, which gives vote but no substantive reasons. Source has OCR errors in staffing tables and text; zoning background describes M1-1 west of district while other context puts manufacturing across Webster Avenue to east. Site opening uses Block 2425 Lot 20, resolution Lot 2. s0005 is map OCR. Shelter staffing table shift columns are flattened; no precise reconstructed headcounts asserted.
"
36e481eb22ddb4521278,C 880145 MMQ,1989,4,1,1,1,flagged_pre1990_human,01d56cc96c29daeb58fcb710cbcbb1c7f68c2643c1c4a87a0210dc52b18da8f9,212524e74a68f4f52d5575293d6711b2b8de03e7d9e767a343311306e56d64ec,"Part 1: Minor OCR errors; all four main-report pages read.
"
10507621d921dde7c0d7,C 880076 PPK,1988,5,1,1,1,flagged_pre1990_human,156322f9c76259fae9447353dfcfc954d43c2e55dd10458e700d97cdff8738cf,212524e74a68f4f52d5575293d6711b2b8de03e7d9e767a343311306e56d64ec,"Part 1: OCR garbles several words and lot numbers. Board summary says special recommendations for 22 properties but lists more. Board lists Block 3788 Lots 26–28,30,31, while CPC lists 26–28,31,32. CPC consideration recommends nonprofit restrictions for Block 4348 but resolution counts 27 unrestricted. DRP attachment is its proposed Board of Estimate resolution, not evidence of adoption.
"
545e04374f576ab3b6f7,C 780361 ZMR,1979,20,1,1,1,flagged_pre1990_human,39ff96323a7fac0215b77ba81a5940c892dee5fa4907d612d38c7fce2024eb8c,212524e74a68f4f52d5575293d6711b2b8de03e7d9e767a343311306e56d64ec,"Part 1: OCR is garbled in declarations and agency letter. Exhibit B site plan is explicitly not reproduced; legal descriptions and map-only text supply little substantive detail. The report dates the Little League letter February 14, 1965; no original letter is supplied. Peter LaDoca in his declaration is called Peter LoDuca in the CPC resolution.
"
3f77e3a6e48692ba093d,C 810272 TCM,1982,2,1,1,1,flagged_pre1990_human,4ffcf497b8724be11078fa2f434b58cec6299e9db47b692ad782c693eb341162,212524e74a68f4f52d5575293d6711b2b8de03e7d9e767a343311306e56d64ec,"Part 1: Opening description is heavily garbled OCR; the clear resolution establishes 7 tables and 24 seats. Community Board objections are recorded although no one appeared at CPC hearing.
"
aa80d94c3ebc73595465,C 851036 HDM,1985,2,1,1,1,flagged_pre1990_human,542cb87efaa2d5627d8dcd6149afd4b9fc567dbc3d05b42d7d673c4cc7713d44,212524e74a68f4f52d5575293d6711b2b8de03e7d9e767a343311306e56d64ec,"Part 1: OCR contains typos; approval resolution operative sentence is garbled. No hearing appearances. School-wall approval outcome is not supplied.
"
15d044215af0b65e399d,C 760059 MMX,1977,2,1,1,1,flagged_pre1990_human,573d21ad293fa917423e2cfe85593076b96be9f7c221f7bd4a806bedbd904260,212524e74a68f4f52d5575293d6711b2b8de03e7d9e767a343311306e56d64ec,"Part 1: Read both segments, including unresolved map diagram naming C 760059 MMX. Opening OCR is garbled; clear body text supplies proposed streets. CPC recommends adoption after a protective agreement and advertised hearing; this is not recorded as unconditional final Board of Estimate adoption.
"
5ff15b38926793e89ae6,C 850328 ZMQ,1986,43,1,1,1,flagged_pre1990_human,989adb427f81abe8258d46bc4bb8019a7c62210c4739763ba9eea2202324896c,212524e74a68f4f52d5575293d6711b2b8de03e7d9e767a343311306e56d64ec,"Part 1: All 43 segments read, including declaration, environmental exhibits, title/subordination papers and maps. OCR is heavily garbled on signatures and drawings. Earlier CND describes 47,000 square feet/235 spaces and C2-1/southwest corner; final report uses 45,000/225 and C1-2/southeast. March 7 letter explicitly documents size/parking modification. Title certificate differs from declaration about parties in interest and has garbled block/lot numbers. No community-board attachment supplied beyond report summary.
"
7fff0a06d7254df29196,C 780287 ZMQ,1979,18,1,1,1,flagged_pre1990_human,bc0d170d2b7603763115f0bcfd1edc7653082049bd4bb1d8f61b4ce2957a0d34,212524e74a68f4f52d5575293d6711b2b8de03e7d9e767a343311306e56d64ec,"Part 1: All 18 segments read, including companion disposition report and declaration pages 8–9 flagged unresolved (clear continuation of same declaration). Map page 4 and declaration exhibits contain garbled OCR. Declaration signature OCR says March 1978 but report and notarization say March 16, 1979. Housing is 149 units in zoning report and 150 including superintendent in disposition/declaration. CB7 abstention count differs: two in zoning report, one in disposition. Service-center letter date reads March 6, 1967. Declaration references Exhibit B plan, which is not separately supplied as a legible development-plan attachment.
"
7d6033d3967fa0e549f6,C 890619 PSK,1989,13,1,1,1,flagged_pre1990_human,bcbcefaf01fd06197093b38aed6efb94d705ca2af8228737b781a808d21f5297,212524e74a68f4f52d5575293d6711b2b8de03e7d9e767a343311306e56d64ec,"Part 1: No attachments supplied. OCR errors and duplicated page transition text preserved. Active court names not supplied. Handball courts in background versus volleyball courts in FEIS summary. Mayor’s future phase-out is distinct from application approval. Full FEIS and court order are referenced but not supplied.
"
160defec91155f5c6a83,C 880040 MMQ,1989,43,1,1,1,flagged_pre1990_human,bd5fc8a707977eab73250c21754e6d09dea42c1a802cfb8403f53c5bbb0ed483,212524e74a68f4f52d5575293d6711b2b8de03e7d9e767a343311306e56d64ec,"Part 1: Read all 43 segments, including companion C 880041 ZSQ. Unresolved s0012 is a map explicitly labeled C880040MMQ; no substantive geometry is readable in supplied text. CND date first appears as June 26, 1988 in map report but later resolutions and companion give June 26, 1989. Map report refers to FEIS despite supplied conditional negative declaration; no FEIS included. Proposal initially 664 units/610 enclosed spaces; modified to 661 units/609 enclosed, 773 total spaces. Quotes preserve OCR. No response to residents’ vibration concern recorded. Restrictive declaration is described but full separate text not supplied.
"
8674363b6f3e5571eda6,C 831300 GFK,1984,4,1,1,1,flagged_pre1990_human,d052634a4483f36aa7f99e56d2a83147dcdfb0420be37b344afacfd61c07a9b2,212524e74a68f4f52d5575293d6711b2b8de03e7d9e767a343311306e56d64ec,"Part 1: Dissent attachment s0004 has heavily garbled OCR but identifies Vice Chairman Martin Gallent, application831300 GF, Sands Street addresses and the same dimensions. It belongs to this application. Max Bond supports Gallent’s dissent, recorded separately; no numerical commission vote supplied.
"
3b5e450521369c22b4b0,C 820449 ZMX,1984,12,1,1,1,flagged_pre1990_human,e0ca3a2db0d3b6491ba8ffc8e898411404a594523e11da6128ab2a8216eaa274,212524e74a68f4f52d5575293d6711b2b8de03e7d9e767a343311306e56d64ec,"Part 1: Board hearing date differs across reports: focal zoning report says April 20, 1983; disposition and map reports say November 1, 1983. Both stages are preserved. Related-report date January 14 in map background conflicts with report headings January 4. Map OCR is sparse/garbled.
"
69aae7b3448359877540,C 780253 HDQ,1978,17,1,1,1,flagged_pre1990_human,e82d32938c9b1ddd4295e08ccd72ebd3d5d2aa2cca05187ab58b2db53fa979fe,212524e74a68f4f52d5575293d6711b2b8de03e7d9e767a343311306e56d64ec,"Part 1: OCR errors throughout. The attached Board form and declaration describe 299 elderly units; the report describes 300 including a superintendent apartment. Zoning report dates its Board vote July 17 while other reports and the attached disposition form give July 19. Unresolved s0005 is identifiable by the Allen AME/Site 10A description; s0015–s0016 continue the declaration begun in s0014. s0010 is a map, s0017 a largely illegible site plan. The separate urban renewal minor-change report is not supplied.
"
0568137a2968387b992b,C 790338 PLQ,1979,4,1,1,1,flagged_pre1990_human,fe5c810c810b55dc29156579ffffc7888072fb03d11ae4fc61f462598ca99ba5,212524e74a68f4f52d5575293d6711b2b8de03e7d9e767a343311306e56d64ec,"Part 1: All four segments read. Severe OCR in initial recitals. Focal report mistakenly calls C790337PSQ a lease companion; companion report and resolutions identify PSQ selection/acquisition and PLQ lease. Both hearing summaries report no opposing speakers without identifying favorable speakers.
"
6152442979534feabdba,C 110228 PCQ,2011,6,1,1,0,flagged_1990on_human,0244716c35df015eae8feb1c4e69f2eaff37d60c2ece81408b2543ac8ef636d8,212524e74a68f4f52d5575293d6711b2b8de03e7d9e767a343311306e56d64ec,"Part 1: Zoning conflict: background M1-1 and Borough President Mi-i, CPC consideration M1-4. Community-board narrative/BP report 38 in favor while attached form OCR reads 28; retained as conflict. CEQR main report 11FDO001Q versus attachment 11FDO002Q. Form also says Hunters Point Boulevard versus main Avenue. s0006 explicitly names focal application and site.
"
50e64061d9ec121c6c14,C 250056 ZMK,2025,23,1,1,0,flagged_1990on_human,0399af7991210b96240c80cca27baf88ab9dc3cef88fb3312118d97995d7de13,212524e74a68f4f52d5575293d6711b2b8de03e7d9e767a343311306e56d64ec,"Part 1: All 23 segments read, including the zoning diagram, Borough President memo, board letter and committee report. Unresolved pages are tied by their explicit project/application headings or continuation; page 23 also includes clearly separate citywide charter and district historic-preservation matters. OCR artifacts are retained. Main report describes approximately 36,100 square feet; committee reports a reduction to 35,000; BP cover uses 36,094. Main report/form give June 17 board vote; June 18 letter says June 16. Related action is N 250057 ZRK except one CPC consideration typo N 250056 ZRK. Environmental narrative describes Type II memorandum while resolution refers to Negative Declaration/EAS. Nearby station and adjacent building heights differ across source passages. Nine speakers and two email submissions at BP hearing are reported without substantive positions; no positions inferred.
"
b2801e5a56c81d2708bc,C 950447 MMK,2005,4,1,1,0,flagged_1990on_human,048614725a0a6709b2befbb5ca4dd7790c5fd29ebe12b800f81744f004607b20,212524e74a68f4f52d5575293d6711b2b8de03e7d9e767a343311306e56d64ec,"Part 1: OCR has minor inserted letters around quoted Community Board language. DOT agreed to address the unsafe pavement; report does not say restoration was completed.
"
8f003470ccbe08b35ecb,C 910511 PQK,1994,13,1,1,0,flagged_1990on_human,09cb4e7720776ed6b10999b37122349c963d3d332c1c15b0e206b964056e8458,212524e74a68f4f52d5575293d6711b2b8de03e7d9e767a343311306e56d64ec,"Part 1: Heavy OCR corruption in board/BP attachments; all read. s0007 continues focal resolution. s0008 and s0009 identify focal center despite unresolved scope. BP scope repair commitments say total HVAC replacement perhaps possible, while next passage promises all units replaced at lease execution. Site visit year “1904” likely OCR corruption. Referenced 1991 direct-lease reform reports and scope report details are not supplied. CPC hearing had no speakers.
"
18260b21162594a64c6a,C 960307 ZSQ,1996,14,1,1,0,flagged_1990on_human,0c8231893b018020fa66edbc458e1e5ba38bbb8554aa40b2c64e73dc15979233,212524e74a68f4f52d5575293d6711b2b8de03e7d9e767a343311306e56d64ec,"Part 1: Report expressly failed adoption (s0001 and s0011); favorable resolution and conditions printed in s0008–10 were not adopted. BP and CB attachments have severely garbled OCR and inconsistent dates/counts. Main CB count is 25 to 10 with one abstention; attachment confirms 10 in favor, 25 against, 1 abstaining.
"
be6ab7753d4d38f950ff,C 180042 ZMK,2019,41,1,1,0,flagged_1990on_human,0fb6a2076df8f6a13adc46c455de2a2d9236604ada8520d02c5528d35efaf6ad,212524e74a68f4f52d5575293d6711b2b8de03e7d9e767a343311306e56d64ec,"Part 1: All 41 segments read. Unresolved attachments explicitly identify 1010 Pacific Street and C 180042 ZMK/N 180043 ZRK and belong to this project. Some OCR is garbled, especially CB form and rent table; no missing cell values inferred. The report gives Revised Negative Declaration dates April 10 (page 6) and April 8 (resolution); BP recommendation is February 12 in CPC summary but February 8 on attachment form. Parking is 49 spaces in CPC report and 50 in BP attachment. Applicant letter says 46 Option 2 affordable units while BP detailed unit mix sums to 47. Page 13 calls the text amendment N 190054 ZRK, inconsistent with N 180043 ZRK elsewhere; retained literal number for that finding. CB letter says R7D/C1-4 rather than C2-4 and describes 11 additional sites although report describes 12 total tax lots including 2 applicant lots. Approval is R7A/C2-4; original project features are kept as proposed, not represented as revised building commitments.
"
1818edbd692337c3eeeb,C 180085 ZMQ,2018,18,1,1,0,flagged_1990on_human,2037a1c68e7c9fb4a2f426eb6b535cb7f3859ff73e97c4f186291f1f5aab9cfd,212524e74a68f4f52d5575293d6711b2b8de03e7d9e767a343311306e56d64ec,"Part 1: Read every supplied segment, including zoning diagram OCR and full Community Board and Borough President attachments. The map and forms contain noisy OCR. Numerical descriptions conflict: CPC narrative reports about 34 affordable units, while both Borough President forms say 37; the Community Board uses 219,365 SF for the residential building and 82,000 SF for community facility versus different CPC floor-area totals. Those source differences are retained in notes. The board describes Option 1 at 60% AMI with a 30% floor-area set-aside; that is recorded as its request, not corrected or treated as adoption. Board letter calls the MIH vote approval; Borough President summary calls it conditional approval. No separate CPC decision on N 180086 ZRQ is supplied; recommendations and CPC assessment of that related application are recorded without inventing its resolution. Program goals and requests for fee waivers/scholarships are not treated as agreed commitments. Future affordability feasibility exploration is tentative, not adoption of lower-income terms.
"
13e5c76bb268bbd78e25,C 900172 ZMR,1991,9,1,1,0,flagged_1990on_human,21bbca8d4f19ee9dca13daf3e289bf1ab3cbe8896f4f357c4b7346a66f757bbd,212524e74a68f4f52d5575293d6711b2b8de03e7d9e767a343311306e56d64ec,"Part 1: Attachments s0007–s0009 name the application and location despite garbled OCR; s0009 is a zoning diagram. Board attachment abstention count is garbled; main report gives two abstentions. No response to the Borough President tree-preservation request is recorded.
"
a81120b674b2198628e4,C 980067 ZMK,1998,24,1,1,0,flagged_1990on_human,230e26179693e3f9ad6cc1df7b1f4eded7e7e5ea28f238c7f7f66f3c06de8160,212524e74a68f4f52d5575293d6711b2b8de03e7d9e767a343311306e56d64ec,"Part 1: OCR errors in attachments; s0015 and s0024 are zoning maps with limited text. Borough President attachment describes nine blocks and inconsistent lot/boundary details compared with CPC report. Formal BP overlay request and explanatory narrative differ. Initial conformity counts precede January 7 revisions.
"
091f594603dc46ae2bfb,C 880626 PPQ,1988,5,1,0,1,flagged_pre1990_no_human,004063dbb5534fc515c2e4fd5fdac1a992b4a6f956451462dcbb5825eef1b7df,212524e74a68f4f52d5575293d6711b2b8de03e7d9e767a343311306e56d64ec,"Part 1: Agency recommendation dated October 7 follows CPC decision; its Board of Estimate resolution wording is not evidence of adoption. Parcel schedules on pages 4–5 have heavily garbled OCR.
"
33dfc6a2da7b96bfbccf,C 790571 HDX,1980,3,1,0,1,flagged_pre1990_no_human,00a9a8719256bff098a3b8165efa83ff1bbe0002a9957bb9d66be54fa855d812,212524e74a68f4f52d5575293d6711b2b8de03e7d9e767a343311306e56d64ec,"Part 1: All three supplied segments read. Attached Community/Borough Board recommendation form is severely garbled; visible application reference and property description link it to this project. No additional reliable conditions or vote counts can be recovered from form; report states unanimous 14-in-favor Board vote. Report sentence describing remaining rehabilitation work lacks a verb.
"
3fdd83e88aa2ac86dd33,C 801027 GFX,1982,3,1,0,1,flagged_pre1990_no_human,00e96aa3db4fb24ee0f3ddbe9e826b1f72b03ca1b6eda44982fb1eaf8c8ac977,212524e74a68f4f52d5575293d6711b2b8de03e7d9e767a343311306e56d64ec,"Part 1: No Community Board action received by January 11, 1982 deadline; no CPC hearing speakers. Bureau of Electrical Control response remained outstanding. OCR errors in recital and “assests.”
"
ac5b0a700fb4ec064dea,C 820368 HAX,1982,2,1,0,1,flagged_pre1990_no_human,01159f27ec7640ced262660826c282e4596b7463270b4aa725f0343fecbdb340,212524e74a68f4f52d5575293d6711b2b8de03e7d9e767a343311306e56d64ec,"Part 1: Roster project name says 452 E187 St; report consistently identifies 425 East 187th Street. OCR contains damaged dates and HPD initials.
"
3cc565324eb1dacc3335,C 820736 TCM,1982,2,1,0,1,flagged_pre1990_no_human,02704c10c669df5f73e8542a702efe80cf862ec8452d67b7bf8610215d3f14b0,212524e74a68f4f52d5575293d6711b2b8de03e7d9e767a343311306e56d64ec,"Part 1: OCR errors in heading and seat count (SO) preserved in quotation; calendar number differs between heading and filing paragraph.
"
0e6500033b0a740f5091,C 760132 TCM,1977,2,0,1,1,control_pre1990_human,130b376641bc1dbb144213b7092988e65365e9576658d3694a1f6814482918d8,212524e74a68f4f52d5575293d6711b2b8de03e7d9e767a343311306e56d64ec,"Part 1: Manifest application C 760132 TCM; report first page prints C 760132 ZFM. Initial plan has 6 tables and 24 chairs; modified approved plan has 7 tables and 24 chairs.
"
a5dd5b7269921771753e,C 790809 PPX,1980,2,0,1,1,control_pre1990_human,151f206bfed73353d86fb6e73f651297f380e7a7fc48f6e42f5b09f400dee283,212524e74a68f4f52d5575293d6711b2b8de03e7d9e767a343311306e56d64ec,"Part 1: No Community Board hearing was held. CPC hearing had no speakers.
"
454495b3c2b022fa8752,C 890828 PPX,1990,23,0,1,0,control_1990on_human,0a983f2f050fc706e40abb69728e1a20496cf3359f8f79e316df9b2f9936b9f9,212524e74a68f4f52d5575293d6711b2b8de03e7d9e767a343311306e56d64ec,"Part 1: Read all 23 segments, including the unresolved zoning diagram naming C870520ZMX. Existing lot capacity is described as 85 in the special-permit report and 84 in the rezoning report. The rezoning resolution ends mid-boundary; its supplied final page is a diagram. The special-permit closing recital mislabels the resolution C890520 ZSX; the report is C 890399 ZSX. Block 2740 in the disposition introduction conflicts with Block 2742 elsewhere.
"
d53dd57b52ffea598ea0,C 070451 PCQ,2008,5,0,1,0,control_1990on_human,10e905dc59d537bf199737aafba6c144ab7c4bde8f39ef12a092d010217bad6b,212524e74a68f4f52d5575293d6711b2b8de03e7d9e767a343311306e56d64ec,"Part 1: No board or Borough President attachments or hearing transcripts supplied.
"
d00f082088edafa37c2f,C 040270 ZMM,2004,31,0,1,0,control_1990on_human,14b1ec1be0224436a844c0a5c9b7ab25b5b5a458ade61d3f0305c15d42b6e2b3,212524e74a68f4f52d5575293d6711b2b8de03e7d9e767a343311306e56d64ec,"Part 1: All 31 supplied segments read. No attachments are supplied. Companion report s0011 refers to C 040269 HAM where the urban renewal plan number elsewhere is C 040269 HUM. The CB conditions are advisory; broad later promises and CPC encouragement do not establish adoption of individual conditions.
"
